Workbook

Sheet Grades
A1: trial_id | B1: model | C1: question_number | D1: criterion_type | E1: original_text | F1: ai_question | G1: answer_that_counts_against | H1: sensitive_topic | I1: grade_level_original | J1: grade_level_question | K1: accurate (Y/N) | L1: easy to understand (Y/N) | M1: correct answer counts against (Y/N) | N1: notes | O1: flag | P1: first-pass grader | Q1: Rohan agrees? (Y/N) | R1: Rohan notes
A2: NCT07661368 | B2: study listing (no AI) | C2: 1 | D2: inclusion | E2: Minimum Age: 50 Years · Maximum Age: 75 Years | F2: Are you between 50 and 75 years old? | G2: no | H2: no | I2: 5.2 | J2: 0.8 | K2: Y | L2: Y | M2: Y | P2: Claude
A3: NCT07661368 | B3: claude-opus-5 | C3: 2 | D3: inclusion | E3: Self-report family history of dementia or AD | F3: Does someone in your family have dementia or Alzheimer's disease (a brain illness that causes memory loss)? | G3: no | H3: no | I3: 15.8 | J3: 11.9 | K3: Y | L3: Y | M3: Y | P3: Claude
A4: NCT07661368 | B4: claude-opus-5 | C4: 3 | D4: inclusion | E4: Smartphone (iOS or Android) | F4: Do you have a smartphone (an iPhone or an Android phone)? | G4: no | H4: no | I4: 6.6 | J4: 2.6 | K4: Y | L4: Y | M4: Y | P4: Claude
A5: NCT07661368 | B5: claude-opus-5 | C5: 4 | D5: exclusion | E5: Food allergies or conditions requiring a specialized diet that would limit participation | F5: Do you have a food allergy, or a health problem that needs a special diet, that would stop you from taking part in a cooking and meal study? | G5: yes | H5: no | I5: 15.6 | J5: 10.5 | K5: Y | L5: Y | M5: Y | N5: CHECK: adds "cooking and meal study," which is not in the original text shown. Probably from the trial description - confirm it matches the trial | O5: check | P5: Claude | Q5: Y
A6: NCT07661368 | B6: claude-opus-5 | C6: 5 | D6: inclusion | E6: Score of 5 or greater on ADA (diabetes) screener | F6: Have you scored 5 or more on the ADA diabetes risk screener (a short American Diabetes Association quiz that adds up points for things like age, weight, and family history)? | G6: no | H6: no | I6: 7.6 | J6: 15.4 | K6: Y | L6: Y | M6: Y | P6: Claude
A7: NCT07661368 | B7: claude-sonnet-5 | C7: 2 | D7: inclusion | E7: Score of 5 or greater on ADA (diabetes) screener | F7: On the ADA (American Diabetes Association) diabetes risk screener, did you score 5 or higher? | G7: no | H7: no | I7: 7.6 | J7: 14.6 | K7: Y | L7: Y | M7: Y | P7: Claude
A8: NCT07661368 | B8: claude-sonnet-5 | C8: 3 | D8: inclusion | E8: Self-report family history of dementia or AD | F8: Do you have a family history of dementia or Alzheimer's disease (AD)? | G8: no | H8: no | I8: 15.8 | J8: 10.7 | K8: Y | L8: Y | M8: Y | P8: Claude
A9: NCT07661368 | B9: claude-sonnet-5 | C9: 4 | D9: inclusion | E9: Smartphone (iOS or Android) | F9: Do you have a smartphone that uses iOS (Apple) or Android? | G9: no | H9: no | I9: 6.6 | J9: 5.9 | K9: Y | L9: Y | M9: Y | P9: Claude
A10: NCT07661368 | B10: claude-sonnet-5 | C10: 5 | D10: exclusion | E10: Food allergies or conditions requiring a specialized diet that would limit participation | F10: Do you have a food allergy or a condition that needs a special diet that would limit your ability to take part in this study? | G10: yes | H10: no | I10: 15.6 | J10: 11.2 | K10: Y | L10: Y | M10: Y | P10: Claude
A11: NCT05933161 | B11: study listing (no AI) | C11: 1 | D11: inclusion | E11: Minimum Age: 18 Years | F11: Are you 18 years old or older? | G11: no | H11: no | I11: 3.7 | J11: 0.6 | K11: Y | L11: Y | M11: Y | P11: Claude
A12: NCT05933161 | B12: study listing (no AI) | C12: 2 | D12: inclusion | E12: Accepts Healthy Volunteers: No · Conditions: Type 2 Diabetes Mellitus, Hyperglycemia, Hypoglycemia | F12: Do you have type 2 diabetes (a long-term condition where your body has trouble using insulin, so your blood sugar runs high)? | G12: no | H12: no | I12: 19.8 | J12: 11.2 | K12: Y | L12: Y | M12: Y | N12: CHECK: this "from the listing" question comes from the trial's Conditions field, which is not strictly an eligibility rule. Fine for type 2 diabetes trials, but worth knowing | O12: check | P12: Claude | Q12: Y
A13: NCT05933161 | B13: claude-opus-5 | C13: 3 | D13: inclusion | E13: Prior implantation of contemporary, centrifugal flow LVAD (HeartWare or HeartMate 3) at any time after 2010 | F13: Have you had an LVAD (a heart pump implanted to help your heart pump blood) put in at any time after 2010, either a HeartWare or a HeartMate 3? | G13: no | H13: no | I13: 13.5 | J13: 10.4 | K13: Y | L13: Y | M13: Y | P13: Claude
A14: NCT05933161 | B14: claude-opus-5 | C14: 4 | D14: inclusion | E14: Greater than 3 months out from LVAD implantation | F14: Has it been more than 3 months since your LVAD (heart pump) was put in? | G14: no | H14: no | I14: 5.2 | J14: 2.1 | K14: Y | L14: Y | M14: Y | P14: Claude
A15: NCT05933161 | B15: claude-opus-5 | C15: 5 | D15: inclusion | E15: Any antihyperglycemic regimen | F15: Are you taking any medicine to lower your blood sugar (such as pills or insulin)? | G15: no | H15: no | I15: 24.9 | J15: 8.4 | K15: Y | L15: Y | M15: Y | P15: Claude
A16: NCT05933161 | B16: claude-opus-5 | C16: 6 | D16: inclusion | E16: Capable of utilizing smartphone device for LibreLink app for uploading glycemic data | F16: Are you able to use a smartphone with the LibreLink app (a phone app that uploads blood sugar readings)? | G16: no | H16: no | I16: 14.7 | J16: 8 | K16: Y | L16: Y | M16: Y | P16: Claude
A17: NCT05933161 | B17: claude-opus-5 | C17: 7 | D17: exclusion | E17: Type I diabetics | F17: Do you have type 1 diabetes (a condition where the body makes little or no insulin, usually starting in childhood)? | G17: yes | H17: no | I17: 9.2 | J17: 12.3 | K17: Y | L17: Y | M17: Y | P17: Claude
A18: NCT05933161 | B18: claude-opus-5 | C18: 8 | D18: exclusion | E18: Unable to return at 3 month evaluation | F18: Are you able to come back for a study visit at 3 months? | G18: no | H18: no | I18: 10.7 | J18: 4 | K18: Y | L18: Y | M18: Y | P18: Claude
A19: NCT05933161 | B19: claude-sonnet-5 | C19: 3 | D19: inclusion | E19: Prior implantation of contemporary, centrifugal flow LVAD (HeartWare or HeartMate 3) at any time after 2010 | F19: Do you have a HeartWare or HeartMate 3 LVAD (a mechanical pump implanted in your chest to help your heart pump blood) that was implanted after 2010? | G19: no | H19: no | I19: 13.5 | J19: 11.1 | K19: Y | L19: Y | M19: Y | P19: Claude
A20: NCT05933161 | B20: claude-sonnet-5 | C20: 4 | D20: inclusion | E20: Greater than 3 months out from LVAD implantation | F20: Was your LVAD (heart pump) implanted more than 3 months ago? | G20: no | H20: no | I20: 5.2 | J20: 3.7 | K20: Y | L20: Y | M20: Y | P20: Claude
A21: NCT05933161 | B21: claude-sonnet-5 | C21: 5 | D21: inclusion | E21: Capable of utilizing smartphone device for LibreLink app for uploading glycemic data | F21: Can you use a smartphone app, such as LibreLink, to upload blood sugar (glucose) readings? | G21: no | H21: no | I21: 14.7 | J21: 7.6 | K21: Y | L21: Y | M21: Y | P21: Claude
A22: NCT06628453 | B22: study listing (no AI) | C22: 1 | D22: inclusion | E22: Minimum Age: 18 Years · Maximum Age: 50 Years | F22: Are you between 18 and 50 years old? | G22: no | H22: no | I22: 5.2 | J22: 0.8 | K22: Y | L22: Y | M22: Y | P22: Claude
A23: NCT06628453 | B23: study listing (no AI) | C23: 2 | D23: inclusion | E23: Sexes Eligible for Study: Female | F23: Is your sex female? | G23: no | H23: no | I23: 12.3 | J23: 0.7 | K23: Y | L23: Y | M23: Y | P23: Claude
A24: NCT06628453 | B24: study listing (no AI) | C24: 3 | D24: inclusion | E24: Accepts Healthy Volunteers: No · Conditions: Type 2 Diabetes Mellitus (T2DM), Pregnancy | F24: Do you have type 2 diabetes (a long-term condition where your body has trouble using insulin, so your blood sugar runs high)? | G24: no | H24: no | I24: 14.4 | J24: 11.2 | K24: Y | L24: Y | M24: Y | P24: Claude
... A34: NCT06628453 | B34: claude-sonnet-5 | C34: 6 | D34: inclusion | E34: Type 2 diabetes mellitus treated with daily insulin injections or oral hypoglycemic agents diagnosed before pregnancy or at less than 14 weeks gestation with hemoglobin A1c 6.5% or greater | F34: Is your most recent hemoglobin A1c (a blood test that shows your average blood sugar over the past 2-3 months) 6.5% or higher? | G34: no | H34: no | I34: 13.3 | J34: 5.3 | K34: Y | L34: Y | M34: Y | P34: Claude
A35: NCT06628453 | B35: claude-sonnet-5 | C35: 7 | D35: inclusion | E35: Pregnant with viable fetus at 6 to less than 23 weeks gestation | F35: Are you currently pregnant with a viable pregnancy, and are you between 6 weeks and 23 weeks pregnant (not yet at 23 weeks)? | G35: no | H35: yes | I35: 6.8 | J35: 9.8 | K35: Y | L35: Y | M35: Y | N35: CHECK: "viable pregnancy" is not explained | O35: check | P35: Claude | Q35: Y
A36: NCT06628453 | B36: claude-sonnet-5 | C36: 8 | D36: exclusion | E36: Multiple gestation | F36: Are you pregnant with more than one baby (such as twins or triplets)? | G36: yes | H36: yes | I36: 20.6 | J36: 4 | K36: Y | L36: Y | M36: Y | P36: Claude
A37: NCT06628453 | B37: claude-sonnet-5 | C37: 9 | D37: exclusion | E37: Unable or unwilling to wear CGM due to intolerance to medical-grade adhesives or skin conditions | F37: Do you have a skin condition, or an allergy or intolerance to medical-grade adhesives, that would stop you from wearing a continuous glucose monitor (CGM, a small sensor taped to your skin that tracks blood sugar)? | G37: yes | H37: no | I37: 13.1 | J37: 17.1 | K37: Y | L37: Y | M37: Y | P37: Claude
A38: NCT06628453 | B38: claude-sonnet-5 | C38: 10 | D38: exclusion | E38: Major fetal anomaly or two or more minor fetal anomalies | F38: Has your doctor found a major problem with your baby's development (a major fetal anomaly), or two or more minor problems with your baby's development? | G38: yes | H38: yes | I38: 11.9 | J38: 14.5 | K38: Y | L38: Y | M38: Y | P38: Claude
A39: NCT05317585 | B39: study listing (no AI) | C39: 1 | D39: inclusion | E39: Minimum Age: 18 Years | F39: Are you 18 years old or older? | G39: no | H39: no | I39: 3.7 | J39: 0.6 | K39: Y | L39: Y | M39: Y | P39: Claude
A40: NCT05317585 | B40: study listing (no AI) | C40: 2 | D40: inclusion | E40: Sexes Eligible for Study: Female | F40: Is your sex female? | G40: no | H40: no | I40: 12.3 | J40: 0.7 | K40: Y | L40: Y | M40: Y | P40: Claude
A41: NCT05317585 | B41: study listing (no AI) | C41: 3 | D41: inclusion | E41: Accepts Healthy Volunteers: No · Conditions: Type 2 Diabetes Treated With Insulin, Pregnancy, High Risk | F41: Do you have type 2 diabetes (a long-term condition where your body has trouble using insulin, so your blood sugar runs high)? | G41: no | H41: no | I41: 13.5 | J41: 11.2 | K41: Y | L41: Y | M41: Y | P41: Claude
A42: NCT05317585 | B42: claude-opus-5 | C42: 4 | D42: inclusion | E42: 2) singleton gestation less than or equal to 14 weeks at initial obstetric visit | F42: Are you pregnant with one baby (not twins or more), and were you 14 weeks pregnant or less at your first pregnancy visit? | G42: no | H42: yes | I42: 10.1 | J42: 8.3 | K42: Y | L42: Y | M42: Y | P42: Claude
A43: NCT05317585 | B43: claude-opus-5 | C43: 5 | D43: inclusion | E43: 4) receiving prenatal care at UMASS Memorial Health Care (UMMHC) and plans to deliver at UMMHC | F43: Are you getting your pregnancy care at UMASS Memorial Health Care (UMMHC), and do you plan to give birth there? | G43: no | H43: yes | I43: 9.8 | J43: 8.1 | K43: Y | L43: Y | M43: Y | P43: Claude
A44: NCT05317585 | B44: claude-opus-5 | C44: 6 | D44: exclusion | E44: 1) known diagnosis of type 1 diabetes or gestational diabetes | F44: Have you been told you have type 1 diabetes (when the body makes little or no insulin) or gestational diabetes (diabetes that starts during pregnancy)? | G44: yes | H44: no | I44: 14.3 | J44: 14.9 | K44: Y | L44: Y | M44: Y | P44: Claude
A45: NCT05317585 | B45: claude-opus-5 | C45: 7 | D45: exclusion | E45: 4) multifetal gestation | F45: Are you pregnant with twins or more babies? | G45: yes | H45: yes | I45: 17 | J45: 2.3 | K45: Y | L45: Y | M45: Y | P45: Claude
A46: NCT05317585 | B46: claude-opus-5 | C46: 8 | D46: inclusion | E46: 3) established diagnosis of T2DM by laboratory criteria including hemoglobin A1c ≥6.5%, oral glucose tolerance test ≥200 mg/dL, or fasting plasma glucose ≥126 mg/dL | F46: Was your diabetes found with a lab test, such as a hemoglobin A1c (average blood sugar test) of 6.5% or higher, an oral glucose tolerance test (a drink test) of 200 mg/dL or higher, or a fasting blood sugar of 126 mg/dL or higher? | G46: no | H46: no | I46: 12.2 | J46: 9.6 | K46: Y | L46: Y | M46: Y | P46: Claude
A47: NCT05317585 | B47: claude-opus-5 | C47: 9 | D47: exclusion | E47: 2) plan to receive prenatal care or delivery outside of UMMHC | F47: Do you plan to get your pregnancy care or give birth somewhere other than UMMHC? | G47: yes | H47: yes | I47: 8 | J47: 5.2 | K47: Y | L47: Y | M47: Y | P47: Claude
... A56: NCT06739122 | B56: claude-opus-5 | C56: 4 | D56: inclusion | E56: Metformin and/or basal insulin dose must be stable for at least 8 weeks prior to screening. | F56: Has your dose of metformin and/or basal insulin (long-acting insulin) stayed the same for at least 8 weeks? | G56: no | H56: no | I56: 8.4 | J56: 9.1 | K56: Y | L56: Y | M56: Y | P56: Claude
A57: NCT06739122 | B57: claude-opus-5 | C57: 5 | D57: inclusion | E57: Have a body weight ≥50 kilograms (kg) and Body Mass Index (BMI) of >85th percentile | F57: Do you weigh at least 50 kilograms (about 110 pounds)? | G57: no | H57: no | I57: 7.6 | J57: 3.7 | K57: N | L57: Y | M57: Y | N57: missing requirement: still leaves out "BMI above the 85th percentile" (Sonnet split this into two questions and got both) | O57: problem | P57: Claude | Q57: Y
A58: NCT06739122 | B58: claude-opus-5 | C58: 6 | D58: exclusion | E58: Have received treatment with any glucose-lowering agent(s) other than metformin, basal insulin, or dulaglutide within 8 weeks prior to screening | F58: In the last 8 weeks, have you taken any medicine to lower blood sugar other than metformin, basal insulin (long-acting insulin), or dulaglutide (a weekly diabetes shot)? | G58: yes | H58: no | I58: 14 | J58: 15.9 | K58: Y | L58: Y | M58: Y | P58: Claude
A59: NCT06739122 | B59: claude-opus-5 | C59: 7 | D59: exclusion | E59: After the Type 2 diabetes diagnosis, have a history of diabetic ketoacidosis or hyperosmolar syndrome | F59: Since you were told you have type 2 diabetes, have you ever had diabetic ketoacidosis (a serious problem where acids build up in the blood) or hyperosmolar syndrome (a serious problem from very high blood sugar and dehydration)? | G59: yes | H59: no | I59: 17.8 | J59: 19.4 | K59: Y | L59: Y | M59: Y | P59: Claude
A60: NCT06739122 | B60: claude-opus-5 | C60: 8 | D60: exclusion | E60: Have had ≥1 episode of severe hypoglycemia and/or ≥1 episode of hypoglycemic unawareness within the last 6 months | F60: In the last 6 months, have you had one or more episodes of severe low blood sugar (needing someone else's help) and/or one or more episodes where your blood sugar dropped low without you feeling any warning signs? | G60: yes | H60: no | I60: 15 | J60: 15.7 | K60: Y | L60: Y | M60: Y | P60: Claude
A61: NCT06739122 | B61: claude-opus-5 | C61: 9 | D61: exclusion | E61: Have family or personal history of medullary thyroid carcinoma (MTC) or multiple endocrine neoplasia syndrome type 2 (MEN2) | F61: Have you or a family member ever had medullary thyroid carcinoma (a rare kind of thyroid cancer) or MEN2 (multiple endocrine neoplasia syndrome type 2, a rare condition that runs in families and causes tumors in hormone glands)? | G61: yes | H61: no | I61: 14.4 | J61: 18.5 | K61: Y | L61: Y | M61: Y | P61: Claude
A62: NCT06739122 | B62: claude-opus-5 | C62: 10 | D62: exclusion | E62: Have prior chronic, recurrent, or idiopathic pancreatitis, or known gallbladder disease | F62: Have you ever had chronic, repeated, or unexplained pancreatitis (swelling of the pancreas), or a known gallbladder problem? | G62: yes | H62: no | I62: 15.5 | J62: 13.1 | K62: Y | L62: Y | M62: Y | P62: Claude
A63: NCT06739122 | B63: claude-sonnet-5 | C63: 3 | D63: inclusion | E63: Have Type 2 diabetes treated with diet and exercise and metformin and/or basal insulin. Metformin and/or basal insulin dose must be stable for at least 8 weeks prior to screening. | F63: Do you take metformin (a diabetes pill) and/or basal insulin (a long-acting insulin shot) to treat your type 2 diabetes, along with diet and exercise, and has your dose been the same for at least 8 weeks before screening? | G63: no | H63: no | I63: 9.9 | J63: 17.8 | K63: Y | L63: Y | M63: Y | P63: Claude
A64: NCT06739122 | B64: claude-sonnet-5 | C64: 4 | D64: inclusion | E64: Have a body weight ≥50 kilograms (kg) | F64: Do you weigh 50 kilograms (about 110 pounds) or more? | G64: no | H64: no | I64: 4 | J64: 3.7 | K64: Y | L64: Y | M64: Y | P64: Claude
A65: NCT06739122 | B65: claude-sonnet-5 | C65: 5 | D65: inclusion | E65: Body Mass Index (BMI) of >85th percentile | F65: Is your Body Mass Index (BMI, a number based on your height and weight) above the 85th percentile for your age and sex? | G65: no | H65: no | I65: 5.7 | J65: 8.3 | K65: Y | L65: Y | M65: Y | N65: CHECK: most parents will not know their child's BMI percentile; expect "I don't know" | O65: check | P65: Claude | Q65: Y
A66: NCT06739122 | B66: claude-sonnet-5 | C66: 6 | D66: exclusion | E66: Have received treatment with any glucose-lowering agent(s) other than metformin, basal insulin, or dulaglutide within 8 weeks prior to screening | F66: In the past 8 weeks before screening, have you taken any diabetes medicine to lower blood sugar other than metformin, basal insulin, or dulaglutide (a diabetes injection also known as Trulicity)? | G66: yes | H66: no | I66: 14 | J66: 18.2 | K66: Y | L66: Y | M66: Y | P66: Claude
A67: NCT06739122 | B67: claude-sonnet-5 | C67: 7 | D67: exclusion | E67: After the Type 2 diabetes diagnosis, have a history of diabetic ketoacidosis or hyperosmolar syndrome | F67: Since you were diagnosed with type 2 diabetes, have you ever had diabetic ketoacidosis (a dangerous buildup of acids in your blood from very high blood sugar) or hyperosmolar syndrome (a severe complication from extremely high blood sugar)? | G67: yes | H67: no | I67: 17.8 | J67: 20.3 | K67: Y | L67: Y | M67: Y | P67: Claude
A68: NCT06739122 | B68: claude-sonnet-5 | C68: 8 | D68: exclusion | E68: Have had ≥1 episode of severe hypoglycemia and/or ≥1 episode of hypoglycemic unawareness within the last 6 months | F68: In the last 6 months, have you had at least one episode of severe low blood sugar (needing help from someone else) or an episode where you couldn't feel your blood sugar getting low? | G68: yes | H68: no | I68: 15 | J68: 13.3 | K68: Y | L68: Y | M68: Y | P68: Claude
A69: NCT06739122 | B69: claude-sonnet-5 | C69: 9 | D69: exclusion | E69: Have family or personal history of medullary thyroid carcinoma (MTC) or multiple endocrine neoplasia syndrome type 2 (MEN2) | F69: Do you or a member of your family have a history of medullary thyroid carcinoma (MTC, a rare thyroid cancer) or multiple endocrine neoplasia syndrome type 2 (MEN2, a rare inherited condition that causes tumors in hormone glands)? | G69: yes | H69: no | I69: 14.4 | J69: 19.1 | K69: Y | L69: Y | M69: Y | P69: Claude
A70: NCT06739122 | B70: claude-sonnet-5 | C70: 10 | D70: exclusion | E70: Have prior chronic, recurrent, or idiopathic pancreatitis, or known gallbladder disease | F70: Have you ever had long-term, repeated, or unexplained pancreatitis (inflammation of the pancreas), or do you have known gallbladder disease? | G70: yes | H70: no | I70: 15.5 | J70: 14 | K70: Y | L70: Y | M70: Y | P70: Claude
A71: NCT07554443 | B71: study listing (no AI) | C71: 1 | D71: inclusion | E71: Minimum Age: 60 Years | F71: Are you 60 years old or older? | G71: no | H71: no | I71: 3.7 | J71: 0.6 | K71: Y | L71: Y | M71: Y | P71: Claude
A72: NCT07554443 | B72: study listing (no AI) | C72: 2 | D72: inclusion | E72: Accepts Healthy Volunteers: No · Conditions: Peripheral Neuropathy With Type 2 Diabetes, Peripheral Neuropathy Grade 2 or Greater, Balance, Balance Impairment, Gait Disorders, Fatigue, Balance Disorders, Physical Activities | F72: Do you have type 2 diabetes (a long-term condition where your body has trouble using insulin, so your blood sugar runs high)? | G72: no | H72: no | I72: 22.9 | J72: 11.2 | K72: Y | L72: Y | M72: Y | P72: Claude
A73: NCT07554443 | B73: claude-opus-5 | C73: 3 | D73: inclusion | E73: Have a diagnosis of PN with plantar sensory loss | F73: Have you been told you have peripheral neuropathy (nerve damage in the feet and legs) with loss of feeling in the soles of your feet? | G73: no | H73: no | I73: 7.6 | J73: 9.7 | K73: Y | L73: Y | M73: Y | P73: Claude
A74: NCT07554443 | B74: claude-opus-5 | C74: 4 | D74: inclusion | E74: Be able to walk independently for at least 6 minutes without the use of an assistive device (rest breaks permitted) | F74: Can you walk on your own for at least 6 minutes without a walking aid (such as a cane or walker)? Rest breaks are allowed. | G74: no | H74: no | I74: 11.1 | J74: 3.4 | K74: Y | L74: Y | M74: Y | P74: Claude
A75: NCT07554443 | B75: claude-opus-5 | C75: 5 | D75: inclusion | E75: Demonstrate balance impairment, defined as a Single-Leg Stance time of <23 seconds | F75: Can you stand on one leg for 23 seconds or more? | G75: yes | H75: no | I75: 9.7 | J75: 1.6 | K75: Y | L75: Y | M75: Y | P75: Claude
A76: NCT07554443 | B76: claude-opus-5 | C76: 6 | D76: exclusion | E76: Weight of more than 300 pounds | F76: Do you weigh more than 300 pounds? | G76: yes | H76: no | I76: -1.4 | J76: -1.1 | K76: Y | L76: Y | M76: Y | P76: Claude
A77: NCT07554443 | B77: claude-opus-5 | C77: 7 | D77: exclusion | E77: Self-reported acute thrombophlebitis, including deep vein thrombosis | F77: Do you have acute (sudden and recent) thrombophlebitis (a swollen, inflamed vein caused by a blood clot), including deep vein thrombosis (a blood clot in a deep vein, usually in the leg)? | G77: yes | H77: no | I77: 15.8 | J77: 13.5 | K77: Y | L77: Y | M77: Y | P77: Claude
... A84: NCT07554443 | B84: claude-sonnet-5 | C84: 6 | D84: exclusion | E84: Weight of more than 300 pounds | F84: Do you weigh 300 pounds or less? | G84: no | H84: no | I84: -1.4 | J84: -1.1 | K84: Y | L84: Y | M84: Y | P84: Claude
A85: NCT07554443 | B85: claude-sonnet-5 | C85: 7 | D85: exclusion | E85: Self-reported acute thrombophlebitis, including deep vein thrombosis | F85: Have you had acute thrombophlebitis (inflammation of a vein with a blood clot) or deep vein thrombosis (DVT, a blood clot deep in the leg)? | G85: yes | H85: no | I85: 15.8 | J85: 9.3 | K85: N | L85: Y | M85: Y | N85: dropped qualifier: "acute" is attached to thrombophlebitis but not to deep vein thrombosis, and "Have you had" is past tense. Someone with a DVT years ago would answer yes | O85: problem | P85: Claude | Q85: Y
A86: NCT07554443 | B86: claude-sonnet-5 | C86: 8 | D86: exclusion | E86: Self-reported severe peripheral vascular disease | F86: Do you have severe peripheral vascular disease (poor blood flow in your legs)? | G86: yes | H86: no | I86: 24.1 | J86: 7.6 | K86: Y | L86: Y | M86: Y | P86: Claude
A87: NCT07554443 | B87: claude-sonnet-5 | C87: 9 | D87: exclusion | E87: Untreated lesion of any kind, swelling, infection, inflamed area of skin or eruptions on the lower leg near product use | F87: Do you have an untreated skin problem on your lower leg where the device would be worn, such as an open sore, swelling, infection, inflamed skin, or skin eruption? | G87: yes | H87: no | I87: 12.3 | J87: 12.4 | K87: Y | L87: Y | M87: Y | P87: Claude
A88: NCT07554443 | B88: claude-sonnet-5 | C88: 10 | D88: exclusion | E88: Self-reported, untreated fractures in the foot and ankle | F88: Do you have an untreated fracture in your foot or ankle? | G88: yes | H88: no | I88: 11.1 | J88: 4.8 | K88: Y | L88: Y | M88: Y | P88: Claude
A89: NCT07527650 | B89: study listing (no AI) | C89: 1 | D89: inclusion | E89: Minimum Age: 18 Years · Maximum Age: 75 Years | F89: Are you between 18 and 75 years old? | G89: no | H89: no | I89: 5.2 | J89: 0.8 | K89: Y | L89: Y | M89: Y | P89: Claude
A90: NCT07527650 | B90: study listing (no AI) | C90: 2 | D90: inclusion | E90: Accepts Healthy Volunteers: No · Conditions: Type 2 Diabetes Mellitus, T2DM | F90: Do you have type 2 diabetes (a long-term condition where your body has trouble using insulin, so your blood sugar runs high)? | G90: no | H90: no | I90: 13.1 | J90: 11.2 | K90: Y | L90: Y | M90: Y | P90: Claude
A91: NCT07527650 | B91: claude-opus-5 | C91: 3 | D91: inclusion | E91: Diagnosed with type 2 diabetes mellitus (T2DM) with HbA1c ≥7.0% and ≤10.0% at screening | F91: Was your most recent HbA1c (a blood test that shows your average blood sugar over about 3 months) between 7.0% and 10.0%? | G91: no | H91: no | I91: 4.8 | J91: 4.3 | K91: Y | L91: Y | M91: Y | P91: Claude
A92: NCT07527650 | B92: claude-opus-5 | C92: 4 | D92: inclusion | E92: Treated with diet and exercise alone or on a stable dose of metformin (≥1000 mg/day) for at least 3 months prior to screening | F92: For at least the past 3 months, have you managed your diabetes with diet and exercise alone, or with a steady dose of metformin (a common diabetes pill) of 1000 mg a day or more? | G92: no | H92: no | I92: 10.3 | J92: 14.6 | K92: Y | L92: Y | M92: Y | P92: Claude
A93: NCT07527650 | B93: claude-opus-5 | C93: 5 | D93: inclusion | E93: BMI ≥25 kg/m² and ≤50 kg/m² | F93: Is your BMI (body mass index, a number based on your height and weight) between 25 and 50 kg/m²? | G93: no | H93: no | I93: 2.5 | J93: 6.7 | K93: Y | L93: Y | M93: Y | P93: Claude
A94: NCT07527650 | B94: claude-opus-5 | C94: 6 | D94: inclusion | E94: Body weight change <5% over the past 3 months prior to screening | F94: Has your body weight stayed within 5% of what it was 3 months ago (less than a 5% change up or down)? | G94: no | H94: no | I94: 4.8 | J94: 6.4 | K94: Y | L94: Y | M94: Y | P94: Claude
A95: NCT07527650 | B95: claude-opus-5 | C95: 7 | D95: exclusion | E95: Type 1 diabetes mellitus or use of glucose-lowering medications other than metformin within 3 months prior to screening | F95: In the past 3 months, have you used any blood sugar lowering medicine other than metformin (for example insulin or other diabetes pills or shots)? | G95: yes | H95: no | I95: 13.7 | J95: 13.5 | K95: N | L95: Y | M95: Y | N95: missing requirement (minor): leaves out the type 1 diabetes part of this criterion | O95: problem | P95: Claude | Q95: Y
A96: NCT07527650 | B96: claude-opus-5 | C96: 8 | D96: exclusion | E96: History of diabetic ketoacidosis or severe hypoglycemia within 6 months | F96: In the past 6 months, have you had diabetic ketoacidosis (a serious problem with very high blood sugar and acid in the blood) or severe low blood sugar that needed someone else's help? | G96: yes | H96: no | I96: 17.8 | J96: 15.2 | K96: Y | L96: Y | M96: Y | P96: Claude
A97: NCT07527650 | B97: claude-opus-5 | C97: 9 | D97: exclusion | E97: Personal or family history of medullary thyroid carcinoma (MTC) or multiple endocrine neoplasia type 2 | F97: Have you or a close family member ever had medullary thyroid carcinoma (a rare type of thyroid cancer) or multiple endocrine neoplasia type 2 (a rare inherited condition that causes tumors in hormone glands)? | G97: yes | H97: no | I97: 14.6 | J97: 17.8 | K97: N | L97: Y | M97: Y | N97: changed meaning (minor): adds "close" family member; the original says any family history | O97: problem | P97: Claude | Q97: Y
A98: NCT07527650 | B98: claude-opus-5 | C98: 10 | D98: exclusion | E98: Clinically significant cardiovascular disease (e.g., NYHA class III/IV heart failure, recent myocardial infarction, stroke, or revascularization within 3 months) | F98: Do you have serious heart or blood vessel disease, such as severe heart failure that limits your daily activity, or a heart attack, stroke, or heart or artery procedure to restore blood flow in the past 3 months? | G98: yes | H98: no | I98: 17.3 | J98: 16.3 | K98: Y | L98: Y | M98: Y | P98: Claude
A99: NCT07527650 | B99: claude-sonnet-5 | C99: 3 | D99: inclusion | E99: Diagnosed with type 2 diabetes mellitus (T2DM) with HbA1c ≥7.0% and ≤10.0% at screening | F99: Was your most recent HbA1c (a blood test showing average blood sugar over 2-3 months) between 7.0% and 10.0%? | G99: no | H99: no | I99: 4.8 | J99: 4.3 | K99: Y | L99: Y | M99: Y | P99: Claude
A100: NCT07527650 | B100: claude-sonnet-5 | C100: 4 | D100: inclusion | E100: Treated with diet and exercise alone or on a stable dose of metformin (≥1000 mg/day) for at least 3 months prior to screening | F100: Have you managed your diabetes with diet and exercise alone, OR taken a steady dose of metformin (a diabetes pill) of at least 1000 mg per day for at least 3 months? | G100: no | H100: no | I100: 10.3 | J100: 13.9 | K100: Y | L100: Y | M100: Y | P100: Claude
A101: NCT07527650 | B101: claude-sonnet-5 | C101: 5 | D101: inclusion | E101: BMI ≥25 kg/m² and ≤50 kg/m² | F101: Is your body mass index (BMI, a measure of body weight relative to height) between 25 and 50 kg/m²? | G101: no | H101: no | I101: 2.5 | J101: 8.6 | K101: Y | L101: Y | M101: Y | P101: Claude
A102: NCT07527650 | B102: claude-sonnet-5 | C102: 6 | D102: inclusion | E102: Body weight change <5% over the past 3 months prior to screening | F102: Has your body weight changed by less than 5% over the past 3 months? | G102: no | H102: no | I102: 4.8 | J102: 3.4 | K102: Y | L102: Y | M102: Y | P102: Claude
A103: NCT07527650 | B103: claude-sonnet-5 | C103: 7 | D103: exclusion | E103: Type 1 diabetes mellitus or use of glucose-lowering medications other than metformin within 3 months prior to screening | F103: Do you have type 1 diabetes, or have you used any glucose-lowering medicine other than metformin (such as insulin, sulfonylureas, or GLP-1 drugs) in the past 3 months? | G103: yes | H103: no | I103: 13.7 | J103: 13.5 | K103: Y | L103: Y | M103: Y | P103: Claude
A104: NCT07527650 | B104: claude-sonnet-5 | C104: 8 | D104: exclusion | E104: History of diabetic ketoacidosis or severe hypoglycemia within 6 months | F104: In the past 6 months, have you had diabetic ketoacidosis (a serious buildup of acids in the blood from very high blood sugar) or a severe episode of low blood sugar? | G104: yes | H104: no | I104: 17.8 | J104: 14.4 | K104: Y | L104: Y | M104: Y | P104: Claude
A105: NCT07527650 | B105: claude-sonnet-5 | C105: 9 | D105: exclusion | E105: Clinically significant cardiovascular disease (e.g., NYHA class III/IV heart failure, recent myocardial infarction, stroke, or revascularization within 3 months) | F105: Do you have serious heart problems, such as advanced heart failure, a recent heart attack, a recent stroke, or a recent heart procedure to open blocked arteries (within the last 3 months)? | G105: yes | H105: no | I105: 17.3 | J105: 14.2 | K105: Y | L105: Y | M105: Y | P105: Claude
A106: NCT07527650 | B106: claude-sonnet-5 | C106: 10 | D106: exclusion | E106: Clinically significant liver disease, renal impairment (eGFR <60 mL/min/1.73 m²), or abnormal laboratory findings at screening | F106: Do you have kidney disease with an eGFR (a measure of kidney function) below 60, or a significant liver disease? | G106: yes | H106: no | I106: 12.6 | J106: 10.5 | K106: Y | L106: Y | M106: Y | P106: Claude
A107: NCT05322213 | B107: study listing (no AI) | C107: 1 | D107: inclusion | E107: Minimum Age: 21 Years · Maximum Age: 70 Years | F107: Are you between 21 and 70 years old? | G107: no | H107: no | I107: 5.2 | J107: 0.8 | K107: Y | L107: Y | M107: Y | P107: Claude
A108: NCT05322213 | B108: study listing (no AI) | C108: 2 | D108: inclusion | E108: Accepts Healthy Volunteers: No · Conditions: Type 2 Diabetes | F108: Do you have type 2 diabetes (a long-term condition where your body has trouble using insulin, so your blood sugar runs high)? | G108: no | H108: no | I108: 12.6 | J108: 11.2 | K108: Y | L108: Y | M108: Y | P108: Claude
A109: NCT05322213 | B109: claude-opus-5 | C109: 3 | D109: inclusion | E109: Have a clinical diagnosis of Type 2 Diabetes on a stable medication regimen for at least 3 months. | F109: Have you been on the same diabetes medicines, without changes, for at least 3 months? | G109: no | H109: no | I109: 12.4 | J109: 7.6 | K109: Y | L109: Y | M109: Y | P109: Claude
... A126: NCT06884059 | B126: study listing (no AI) | C126: 2 | D126: inclusion | E126: Accepts Healthy Volunteers: No · Conditions: Type 2 Diabetes Mellitus (T2DM), Time Restricted Eating, Microalbuminuria | F126: Do you have type 2 diabetes (a long-term condition where your body has trouble using insulin, so your blood sugar runs high)? | G126: no | H126: no | I126: 16.8 | J126: 11.2 | K126: Y | L126: Y | M126: Y | P126: Claude
A127: NCT06884059 | B127: claude-opus-5 | C127: 3 | D127: inclusion | E127: Participants with T2DM with A1c between 6.5 and 9.0 % and on stable doses of medications who are weight-bearing and self-ambulatory. | F127: Is your A1c (a blood test that shows your average blood sugar over about 3 months) between 6.5% and 9.0%? | G127: no | H127: no | I127: 8.3 | J127: 3.7 | K127: N | L127: Y | M127: Y | N127: missing requirement: still leaves out "stable doses of medications" and being able to walk on your own | O127: problem | P127: Claude | Q127: Y
A128: NCT06884059 | B128: claude-opus-5 | C128: 4 | D128: exclusion | E128: Participants with Type1DM and T2DM who are taking insulin, sulfonylureas, or have an HbA1c > 9 %. | F128: Do you take insulin or a sulfonylurea (a diabetes pill such as glipizide, glyburide, or glimepiride that makes your body release more insulin)? | G128: yes | H128: no | I128: 9.1 | J128: 12.4 | K128: Y | L128: Y | M128: Y | P128: Claude
A129: NCT06884059 | B129: claude-opus-5 | C129: 5 | D129: inclusion | E129: uACR ( urine albumin creatinine ratio) results ≥ 30 - 300 mg. | F129: Has a urine test shown a uACR (urine albumin creatinine ratio, a test for protein in your urine) of 30 to 300 mg? | G129: no | H129: no | I129: 11.5 | J129: 10.8 | K129: Y | L129: Y | M129: Y | P129: Claude
A130: NCT06884059 | B130: claude-opus-5 | C130: 6 | D130: inclusion | E130: Baseline eating period ≥12 hours/day and sufficient logging on the mCC app. | F130: On most days, do you eat your food over a period of 12 hours or more (from your first bite to your last)? | G130: no | H130: no | I130: 8.8 | J130: 7.2 | K130: Y | L130: Y | M130: Y | P130: Claude
A131: NCT06884059 | B131: claude-opus-5 | C131: 7 | D131: exclusion | E131: Pregnant or breastfeeding individuals. | F131: Are you pregnant or breastfeeding? | G131: yes | H131: yes | I131: 18.4 | J131: 5.2 | K131: Y | L131: Y | M131: Y | P131: Claude
A132: NCT06884059 | B132: claude-opus-5 | C132: 8 | D132: exclusion | E132: Active tobacco or illicit drug use | F132: Do you currently use tobacco or illicit drugs (street drugs)? | G132: yes | H132: yes | I132: 8.4 | J132: 7.2 | K132: Y | L132: Y | M132: Y | P132: Claude
A133: NCT06884059 | B133: claude-opus-5 | C133: 9 | D133: exclusion | E133: Currently enrolled in a weight-loss or weight-management program, | F133: Are you currently taking part in a weight-loss or weight-management program? | G133: yes | H133: no | I133: 11.1 | J133: 9.1 | K133: Y | L133: Y | M133: Y | P133: Claude
A134: NCT06884059 | B134: claude-opus-5 | C134: 10 | D134: exclusion | E134: History of eating disorder(s). | F134: Have you ever had an eating disorder (such as anorexia, bulimia, or binge eating)? | G134: yes | H134: yes | I134: 12.5 | J134: 11.8 | K134: Y | L134: Y | M134: Y | P134: Claude
A135: NCT06884059 | B135: claude-sonnet-5 | C135: 3 | D135: inclusion | E135: Participants with T2DM with A1c between 6.5 and 9.0 % and on stable doses of medications who are weight-bearing and self-ambulatory. | F135: Is your A1c (a blood test that shows your average blood sugar level over the past 3 months) between 6.5% and 9.0%? | G135: no | H135: no | I135: 8.3 | J135: 3.7 | K135: N | L135: Y | M135: Y | N135: missing requirement: still leaves out "stable doses of medications" and being able to walk on your own | O135: problem | P135: Claude | Q135: Y
A136: NCT06884059 | B136: claude-sonnet-5 | C136: 4 | D136: inclusion | E136: uACR ( urine albumin creatinine ratio) results ≥ 30 - 300 mg. | F136: Has a urine test shown a uACR (urine albumin creatinine ratio, a test that checks for protein leaking into your urine) between 30 and 300 mg? | G136: no | H136: no | I136: 11.5 | J136: 12.7 | K136: Y | L136: Y | M136: Y | P136: Claude
A137: NCT06884059 | B137: claude-sonnet-5 | C137: 5 | D137: exclusion | E137: Participants with Type1DM and T2DM who are taking insulin, sulfonylureas, or have an HbA1c > 9 %. | F137: Do you take insulin, a sulfonylurea (a type of diabetes pill that helps your body release more insulin), or have you been told your A1c is above 9%? | G137: yes | H137: no | I137: 9.1 | J137: 12.2 | K137: Y | L137: Y | M137: Y | P137: Claude
A138: NCT06884059 | B138: claude-sonnet-5 | C138: 6 | D138: exclusion | E138: Systolic BP greater than 160 mmHg and/or Diastolic BP greater than 110 mmHg (with or without treatment/medication) | F138: Has your blood pressure been higher than 160/110 mmHg (systolic over 160 or diastolic over 110), even with treatment? | G138: yes | H138: no | I138: 11.2 | J138: 9.8 | K138: N | L138: Y | M138: Y | N138: changed meaning: original is "with or without treatment"; "even with treatment" reads as "despite treatment." Also no time frame | O138: problem | P138: Claude | Q138: Y
A139: NCT06884059 | B139: claude-sonnet-5 | C139: 7 | D139: exclusion | E139: Pregnant or breastfeeding individuals. | F139: Are you pregnant or breastfeeding? | G139: yes | H139: yes | I139: 18.4 | J139: 5.2 | K139: Y | L139: Y | M139: Y | P139: Claude
...

Sheet How to review
A1: How to review version 2
A3: Same as last time: Claude graded every question. You check the shaded rows.
A5: RED rows (12): Claude found a problem. Read original_text, ai_question and the note. Type Y or N in the yellow 'Rohan agrees?' column.
A6: ORANGE rows (4): the grades are fine, but something is worth a quick look. Type Y if you agree it's OK, N if you think it's a problem.
A7: Unshaded rows: Claude found no problems. Optional: spot-check a few.
A9: New in version 2: rows marked 'study listing (no AI)' were made by code from the trial's age, sex and conditions fields - no AI involved.
A11: The 'Summary' tab compares version 1 and version 2.
A12: Version 1 numbers include 2 corrections Claude found while grading version 2 (the bariatric-surgery exceptions). See the corrected v1 file.
A14: For your write-up: grades are an AI-assisted first pass, reviewed by a human (you).

Sheet Summary
A1: Version 2 (this file) | B1: claude-opus-5 | C1: claude-sonnet-5 | D1: study listing (no AI)
A2: Questions graded | B2: =COUNTIF(Grades!$B$2:$B$160,B$1) -> 71 | C2: =COUNTIF(Grades!$B$2:$B$160,C$1) -> 67 | D2: =COUNTIF(Grades!$B$2:$B$160,D$1) -> 21
A3: Questions with any N | B3: =SUMPRODUCT((Grades!$B$2:$B$160=B$1)*(((Grades!$K$2:$K$160="N")+(Grades!$L$2:$L$160="N")+(Grades!$M$2:$M$160="N"))>0)) -> 5 | C3: =SUMPRODUCT((Grades!$B$2:$B$160=C$1)*(((Grades!$K$2:$K$160="N")+(Grades!$L$2:$L$160="N")+(Grades!$M$2:$M$160="N"))>0)) -> 7 | D3: =SUMPRODUCT((Grades!$B$2:$B$160=D$1)*(((Grades!$K$2:$K$160="N")+(Grades!$L$2:$L$160="N")+(Grades!$M$2:$M$160="N"))>0)) -> 0
A4: % fully correct | B4: =IFERROR(1-B3/B2,0) -> 0.92957746 | C4: =IFERROR(1-C3/C2,0) -> 0.89552239 | D4: =IFERROR(1-D3/D2,0) -> 1
A5: Accurate = N | B5: =COUNTIFS(Grades!$B$2:$B$160,B$1,Grades!$K$2:$K$160,"N") -> 4 | C5: =COUNTIFS(Grades!$B$2:$B$160,C$1,Grades!$K$2:$K$160,"N") -> 6 | D5: =COUNTIFS(Grades!$B$2:$B$160,D$1,Grades!$K$2:$K$160,"N") -> 0
A6: Easy to understand = N | B6: =COUNTIFS(Grades!$B$2:$B$160,B$1,Grades!$L$2:$L$160,"N") -> 1 | C6: =COUNTIFS(Grades!$B$2:$B$160,C$1,Grades!$L$2:$L$160,"N") -> 2 | D6: =COUNTIFS(Grades!$B$2:$B$160,D$1,Grades!$L$2:$L$160,"N") -> 0
A7: Counts against = N | B7: =COUNTIFS(Grades!$B$2:$B$160,B$1,Grades!$M$2:$M$160,"N") -> 0 | C7: =COUNTIFS(Grades!$B$2:$B$160,C$1,Grades!$M$2:$M$160,"N") -> 0 | D7: =COUNTIFS(Grades!$B$2:$B$160,D$1,Grades!$M$2:$M$160,"N") -> 0
A8: Dropped qualifier | B8: =COUNTIFS(Grades!$B$2:$B$160,B$1,Grades!$N$2:$N$160,"dropped qualifier*") -> 0 | C8: =COUNTIFS(Grades!$B$2:$B$160,C$1,Grades!$N$2:$N$160,"dropped qualifier*") -> 2 | D8: =COUNTIFS(Grades!$B$2:$B$160,D$1,Grades!$N$2:$N$160,"dropped qualifier*") -> 0
A9: Missing requirement | B9: =COUNTIFS(Grades!$B$2:$B$160,B$1,Grades!$N$2:$N$160,"missing requirement*") -> 3 | C9: =COUNTIFS(Grades!$B$2:$B$160,C$1,Grades!$N$2:$N$160,"missing requirement*") -> 1 | D9: =COUNTIFS(Grades!$B$2:$B$160,D$1,Grades!$N$2:$N$160,"missing requirement*") -> 0
A10: Changed meaning | B10: =COUNTIFS(Grades!$B$2:$B$160,B$1,Grades!$N$2:$N$160,"changed meaning*") -> 1 | C10: =COUNTIFS(Grades!$B$2:$B$160,C$1,Grades!$N$2:$N$160,"changed meaning*") -> 1 | D10: =COUNTIFS(Grades!$B$2:$B$160,D$1,Grades!$N$2:$N$160,"changed meaning*") -> 0
A11: Combined criteria (new error type) | B11: =COUNTIFS(Grades!$B$2:$B$160,B$1,Grades!$N$2:$N$160,"combined criteria*") -> 0 | C11: =COUNTIFS(Grades!$B$2:$B$160,C$1,Grades!$N$2:$N$160,"combined criteria*") -> 2 | D11: =COUNTIFS(Grades!$B$2:$B$160,D$1,Grades!$N$2:$N$160,"combined criteria*") -> 0
A12: Confusing | B12: =COUNTIFS(Grades!$B$2:$B$160,B$1,Grades!$N$2:$N$160,"confusing*") -> 1 | C12: =COUNTIFS(Grades!$B$2:$B$160,C$1,Grades!$N$2:$N$160,"confusing*") -> 1 | D12: =COUNTIFS(Grades!$B$2:$B$160,D$1,Grades!$N$2:$N$160,"confusing*") -> 0
A13: Avg reading grade: original | B13: =AVERAGEIF(Grades!$B$2:$B$160,B$1,Grades!$I$2:$I$160) -> 11.766197 | C13: =AVERAGEIF(Grades!$B$2:$B$160,C$1,Grades!$I$2:$I$160) -> 11.423881 | D13: =AVERAGEIF(Grades!$B$2:$B$160,D$1,Grades!$I$2:$I$160) -> 10
A14: Avg reading grade: question | B14: =AVERAGEIF(Grades!$B$2:$B$160,B$1,Grades!$J$2:$J$160) -> 9.5605634 | C14: =AVERAGEIF(Grades!$B$2:$B$160,C$1,Grades!$J$2:$J$160) -> 10.437313 | D14: =AVERAGEIF(Grades!$B$2:$B$160,D$1,Grades!$J$2:$J$160) -> 5.2095238
A15: Rows you reviewed | B15: =COUNTIFS(Grades!$B$2:$B$160,B$1,Grades!$Q$2:$Q$160,"?*") -> 6 | C15: =COUNTIFS(Grades!$B$2:$B$160,C$1,Grades!$Q$2:$Q$160,"?*") -> 9 | D15: =COUNTIFS(Grades!$B$2:$B$160,D$1,Grades!$Q$2:$Q$160,"?*") -> 1
A16: Rows you disagreed with | B16: =COUNTIFS(Grades!$B$2:$B$160,B$1,Grades!$Q$2:$Q$160,"N") -> 0 | C16: =COUNTIFS(Grades!$B$2:$B$160,C$1,Grades!$Q$2:$Q$160,"N") -> 0 | D16: =COUNTIFS(Grades!$B$2:$B$160,D$1,Grades!$Q$2:$Q$160,"N") -> 0
A19: Version 1 vs version 2 (AI questions only)
B20: v1 fully correct | C20: v1 questions | D20: v2 fully correct | E20: v2 questions
A21: claude-opus-5 | B21: 0.83 | C21: 100 | D21: =B4 -> 0.92957746 | E21: =B2 -> 71
A22: claude-sonnet-5 | B22: 0.90909091 | C22: 77 | D22: =C4 -> 0.89552239 | E22: =C2 -> 67
A23: v1 values (blue) come from TrialFinder_step1_grades_corrected.xlsx: Opus 83 of 100, Sonnet 70 of 77 fully correct, after 2 corrections.
