Workbook

Sheet How to review
A1: How to review version 3 (held-out test)
A3: Version 3 ran on 10 trials the AI had never seen. Claude graded every question; you check the shaded rows.
A5: Grades tab - RED rows (2): Claude found a problem. Type Y or N in the yellow 'Rohan agrees?' column.
A6: Grades tab - ORANGE rows (7): grades are fine, but something is worth a look (several are trial-level issues, not question errors). Type Y if you agree with the note, N if not.
A8: Needs review tab (7 rows): criteria the AI refused to turn into questions because the trial's own text is unclear or contradictory. For each, type Y if you agree it needs a human, N if you think the AI should have handled it.
A10: For your write-up: grades are an AI-assisted first pass, reviewed by a human (you).

Sheet Grades
A1: trial_id | B1: model | C1: question_number | D1: criterion_type | E1: original_text | F1: ai_question | G1: answer_that_counts_against | H1: sensitive_topic | I1: grade_level_original | J1: grade_level_question | K1: accurate (Y/N) | L1: easy to understand (Y/N) | M1: correct answer counts against (Y/N) | N1: notes | O1: flag | P1: first-pass grader | Q1: Rohan agrees? (Y/N) | R1: Rohan notes
A2: NCT05138432 | B2: study listing (no AI) | C2: 1 | D2: inclusion | E2: Maximum Age: 18 Years | F2: Are you 18 years old or younger? | G2: no | H2: no | I2: 3.7 | J2: 0.6 | K2: Y | L2: Y | M2: Y | N2: CHECK (trial level): this trial is for children 18 or younger and their families. "Are you..." is wrong if a parent is using the site | O2: check | P2: Claude | Q2: Y
A3: NCT05138432 | B3: study listing (no AI) | C3: 2 | D3: inclusion | E3: Accepts Healthy Volunteers: No · Conditions: Type 2 Diabetes | F3: Do you have type 2 diabetes (a long-term condition where your body has trouble using insulin, so your blood sugar runs high)? | G3: no | H3: no | I3: 12.6 | J3: 11.2 | K3: Y | L3: Y | M3: Y | P3: Claude
A4: NCT05138432 | B4: claude-opus-5 | C4: 3 | D4: inclusion | E4: Hemoglobin A1c greater than or equal to 6.5 | F4: Was your last hemoglobin A1c (a blood test that shows your average blood sugar over about 3 months) 6.5 or higher? | G4: no | H4: no | I4: 6.7 | J4: 5.4 | K4: Y | L4: Y | M4: Y | P4: Claude
A5: NCT05138432 | B5: claude-opus-5 | C5: 4 | D5: inclusion | E5: Receiving care at the Rady Children's Hospital Diabetes Clinic | F5: Do you get your diabetes care at the Rady Children's Hospital Diabetes Clinic? | G5: no | H5: no | I5: 12.8 | J5: 11.3 | K5: Y | L5: Y | M5: Y | P5: Claude
A6: NCT05138432 | B6: claude-opus-5 | C6: 5 | D6: exclusion | E6: Another immediate family member living in the same household who is already recruited into the study | F6: Is another immediate family member who lives in your home already taking part in this study? | G6: yes | H6: no | I6: 14.3 | J6: 11.3 | K6: Y | L6: Y | M6: Y | P6: Claude
A7: NCT07225218 | B7: study listing (no AI) | C7: 1 | D7: inclusion | E7: Minimum Age: 17 Years · Maximum Age: 25 Years | F7: Are you between 17 and 25 years old? | G7: no | H7: no | I7: 5.2 | J7: 0.8 | K7: Y | L7: Y | M7: Y | P7: Claude
A8: NCT07225218 | B8: claude-opus-5 | C8: 2 | D8: inclusion | E8: Participants who are currently enrolled (either full time or part time) as an undergraduate at UCLA and meet criteria for the T-UP Wellness Program (students who have a BMI of ≥25 (≥23 for those self- identifying as Asian) and either documented prediabetes or identified as high-risk on a CDC questionnaire). | F8: Are you currently enrolled as an undergraduate student at UCLA, either full time or part time? | G8: no | H8: no | I8: 24.4 | J8: 9.1 | K8: Y | L8: Y | M8: Y | P8: Claude
A9: NCT07225218 | B9: claude-opus-5 | C9: 3 | D9: inclusion | E9: Participants who are currently enrolled (either full time or part time) as an undergraduate at UCLA and meet criteria for the T-UP Wellness Program (students who have a BMI of ≥25 (≥23 for those self- identifying as Asian) and either documented prediabetes or identified as high-risk on a CDC questionnaire). | F9: Is your BMI (body mass index, a number based on your height and weight) 25 or higher? If you identify as Asian, is your BMI 23 or higher? | G9: no | H9: no | I9: 24.4 | J9: 5.5 | K9: Y | L9: Y | M9: Y | P9: Claude
A10: NCT07225218 | B10: claude-opus-5 | C10: 4 | D10: inclusion | E10: Participants who are currently enrolled (either full time or part time) as an undergraduate at UCLA and meet criteria for the T-UP Wellness Program (students who have a BMI of ≥25 (≥23 for those self- identifying as Asian) and either documented prediabetes or identified as high-risk on a CDC questionnaire). | F10: Do you have prediabetes (blood sugar higher than normal but not high enough to be diabetes) noted in your medical records, or were you found to be high-risk on a CDC (Centers for Disease Control and Prevention) risk questionnaire? | G10: no | H10: no | I10: 24.4 | J10: 18.7 | K10: Y | L10: Y | M10: Y | P10: Claude
A11: NCT05208164 | B11: study listing (no AI) | C11: 1 | D11: inclusion | E11: Minimum Age: 21 Years · Maximum Age: 75 Years | F11: Are you between 21 and 75 years old? | G11: no | H11: no | I11: 5.2 | J11: 0.8 | K11: Y | L11: Y | M11: Y | N11: CHECK (trial level): no "Do you have type 2 diabetes?" question here because the listing says healthy volunteers are accepted, but the criteria require type 2 diabetes. Sent to human review | O11: check | P11: Claude | Q11: Y
A12: NCT05208164 | B12: claude-opus-5 | C12: 2 | D12: inclusion | E12: Self-identifies as African American or Black | F12: Do you identify as African American or Black? | G12: no | H12: no | I12: 16.2 | J12: 11.1 | K12: Y | L12: Y | M12: Y | P12: Claude
A13: NCT05208164 | B13: claude-opus-5 | C13: 3 | D13: inclusion | E13: Valid address in greater Chicagoland area | F13: Do you have a valid home address in the greater Chicago area? | G13: no | H13: no | I13: 8.4 | J13: 7.8 | K13: Y | L13: Y | M13: Y | P13: Claude
A14: NCT05208164 | B14: claude-opus-5 | C14: 4 | D14: inclusion | E14: Mobile phone with unlimited text-messaging | F14: Do you have a mobile phone with unlimited text messaging? | G14: no | H14: no | I14: 12.3 | J14: 7.2 | K14: Y | L14: Y | M14: Y | P14: Claude
A15: NCT05208164 | B15: claude-opus-5 | C15: 5 | D15: inclusion | E15: Availability to participate in mindfulness class either in-person or online | F15: Are you available to take part in a mindfulness class (a class that teaches calm, focused attention), either in person or online? | G15: no | H15: no | I15: 16.6 | J15: 11.2 | K15: Y | L15: Y | M15: Y | P15: Claude
A16: NCT05208164 | B16: claude-opus-5 | C16: 6 | D16: exclusion | E16: Untreated obstructive sleep apnea (OSA) | F16: Do you have obstructive sleep apnea (brief stops in breathing during sleep) that is not being treated? | G16: yes | H16: no | I16: 12.3 | J16: 8.4 | K16: Y | L16: Y | M16: Y | P16: Claude
A17: NCT05208164 | B17: claude-opus-5 | C17: 7 | D17: exclusion | E17: Severe insomnia, narcolepsy, or REM sleep related disorder | F17: Do you have severe insomnia (great trouble falling or staying asleep), narcolepsy (falling asleep suddenly during the day), or a REM sleep related disorder (a problem with the dreaming stage of sleep)? | G17: yes | H17: no | I17: 15.6 | J17: 16.8 | K17: Y | L17: Y | M17: Y | P17: Claude
A18: NCT05208164 | B18: claude-opus-5 | C18: 8 | D18: exclusion | E18: Alcohol or drug abuse | F18: Do you have problems with alcohol or drug use? | G18: yes | H18: yes | I18: 6.6 | J18: 3.7 | K18: Y | L18: Y | M18: Y | P18: Claude
A19: NCT05208164 | B19: claude-opus-5 | C19: 9 | D19: exclusion | E19: Limited English proficiency | F19: Is your ability to speak and understand English limited? | G19: yes | H19: no | I19: 21 | J19: 10.2 | K19: Y | L19: Y | M19: Y | P19: Claude
A20: NCT05208164 | B20: claude-opus-5 | C20: 10 | D20: exclusion | E20: Currently engaging in mindfulness practice | F20: Do you currently have a mindfulness practice (regularly doing mindfulness or meditation)? | G20: yes | H20: no | I20: 14.7 | J20: 14.7 | K20: Y | L20: Y | M20: Y | P20: Claude
A21: NCT07032844 | B21: study listing (no AI) | C21: 1 | D21: inclusion | E21: Minimum Age: 18 Years · Maximum Age: 89 Years | F21: Are you between 18 and 89 years old? | G21: no | H21: no | I21: 5.2 | J21: 0.8 | K21: Y | L21: Y | M21: Y | P21: Claude
A22: NCT07032844 | B22: study listing (no AI) | C22: 2 | D22: inclusion | E22: Accepts Healthy Volunteers: No · Conditions: Type 2 Diabetes | F22: Do you have type 2 diabetes (a long-term condition where your body has trouble using insulin, so your blood sugar runs high)? | G22: no | H22: no | I22: 12.6 | J22: 11.2 | K22: Y | L22: Y | M22: Y | P22: Claude
A23: NCT07032844 | B23: claude-opus-5 | C23: 3 | D23: inclusion | E23: Hemoglobin A1c ≥7% within 3 months of screening | F23: Was your hemoglobin A1c (a blood test that shows your average blood sugar over the past 3 months) 7% or higher on a test done within the last 3 months? | G23: no | H23: no | I23: 6.7 | J23: 11.5 | K23: Y | L23: Y | M23: Y | P23: Claude
A24: NCT07032844 | B24: claude-opus-5 | C24: 4 | D24: inclusion | E24: Physical Disability | F24: Do you have a physical disability? | G24: no | H24: no | I24: 32.4 | J24: 10.4 | K24: Y | L24: Y | M24: Y | P24: Claude
A25: NCT07032844 | B25: claude-opus-5 | C25: 5 | D25: inclusion | E25: Must have at least 1 additional chronic conditions from the list below Hypertension Congestive Heart Failure Coronary Artery Disease Hyperlipidemia Stroke Arthritis Asthma Cancer Chronic Kidney Disease (Stages 1-4) COPD Osteoporosis Multiple Sclerosis Parkinsons | F25: Besides diabetes, do you have at least one of these health problems: high blood pressure, heart failure (heart cannot pump well), coronary artery disease (blocked heart arteries), high cholesterol, stroke, arthritis (joint pain and swelling), asthma, cancer, chronic kidney disease stages 1 to 4 (long-term kidney damage that is not end-stage), COPD (long-term lung disease that makes breathing hard), osteoporosis (thin, weak bones), multiple sclerosis (a nerve disease), or Parkinson's disease (a brain disease that affects movement)? | G25: no | H25: no | I25: 23.4 | J25: 34.1 | K25: Y | L25: N | M25: Y | N25: confusing: lists 13 health conditions in one very long question. Better as a short question with a list underneath, or a few separate questions | O25: problem | P25: Claude | Q25: Y
A26: NCT07032844 | B26: claude-opus-5 | C26: 6 | D26: exclusion | E26: Currently pregnant | F26: Are you currently pregnant? | G26: yes | H26: yes | I26: 14.7 | J26: 6.6 | K26: Y | L26: Y | M26: Y | P26: Claude
A27: NCT07032844 | B27: claude-opus-5 | C27: 7 | D27: exclusion | E27: Significant vision loss preventing use of phone/tablet for interventions | F27: Do you have major vision loss that stops you from using a phone or tablet? | G27: yes | H27: no | I27: 11.5 | J27: 5.2 | K27: Y | L27: Y | M27: Y | P27: Claude
A28: NCT07032844 | B28: claude-opus-5 | C28: 8 | D28: exclusion | E28: Received Remote Patient Monitoring or Digital Health Coaching for T2DM management within 30 days of enrollment | F28: In the last 30 days, have you taken part in remote patient monitoring (your health data sent to your care team from home) or digital health coaching for your type 2 diabetes? | G28: yes | H28: no | I28: 12.8 | J28: 13.5 | K28: Y | L28: Y | M28: Y | P28: Claude
A29: NCT07032844 | B29: claude-opus-5 | C29: 9 | D29: exclusion | E29: End-stage kidney disease (on dialysis) | F29: Do you have end-stage kidney disease and get dialysis (a treatment that cleans your blood when your kidneys cannot)? | G29: yes | H29: no | I29: 12.3 | J29: 9.2 | K29: Y | L29: Y | M29: Y | P29: Claude
A30: NCT07032844 | B30: claude-opus-5 | C30: 10 | D30: exclusion | E30: Non-english speakers | F30: Do you speak English? | G30: no | H30: no | I30: 2.9 | J30: 0.7 | K30: Y | L30: Y | M30: Y | P30: Claude
A31: NCT06028503 | B31: study listing (no AI) | C31: 1 | D31: inclusion | E31: Minimum Age: 18 Years | F31: Are you 18 years old or older? | G31: no | H31: no | I31: 3.7 | J31: 0.6 | K31: Y | L31: Y | M31: Y | P31: Claude
A32: NCT06028503 | B32: study listing (no AI) | C32: 2 | D32: inclusion | E32: Accepts Healthy Volunteers: No · Conditions: Type 2 Diabetes | F32: Do you have type 2 diabetes (a long-term condition where your body has trouble using insulin, so your blood sugar runs high)? | G32: no | H32: no | I32: 12.6 | J32: 11.2 | K32: Y | L32: Y | M32: Y | P32: Claude
A33: NCT06028503 | B33: claude-opus-5 | C33: 3 | D33: inclusion | E33: Diagnosed diabetes (self-reported) and with an HbA1c ≥ 6.0 (using point-of-care device) | F33: Is your HbA1c (a blood test showing average blood sugar over about 3 months) 6.0 or higher? | G33: no | H33: no | I33: 11.2 | J33: 4.4 | K33: Y | L33: Y | M33: Y | P33: Claude
A34: NCT06028503 | B34: claude-opus-5 | C34: 4 | D34: inclusion | E34: reliable access to a personal smartphone device 6) zip code is associated with a rural area. | F34: Do you have reliable access to your own smartphone? | G34: no | H34: no | I34: 13.5 | J34: 6.3 | K34: Y | L34: Y | M34: Y | N34: CHECK: the quote shown covers two criteria (smartphone AND rural zip code). The question is fine, but the original text shown is longer than it should be | O34: check | P34: Claude | Q34: Y
A35: NCT06028503 | B35: claude-opus-5 | C35: 5 | D35: inclusion | E35: reliable access to a personal smartphone device 6) zip code is associated with a rural area. | F35: Is your home zip code in a rural area? | G35: no | H35: no | I35: 13.5 | J35: 3.7 | K35: Y | L35: Y | M35: Y | N35: CHECK: same two-criteria quote as the row above | O35: check | P35: Claude | Q35: Y
A36: NCT06028503 | B36: claude-opus-5 | C36: 6 | D36: inclusion | E36: able to speak English | F36: Are you able to speak English? | G36: no | H36: no | I36: 3.7 | J36: 2.5 | K36: Y | L36: Y | M36: Y | P36: Claude
A37: NCT06028503 | B37: claude-opus-5 | C37: 7 | D37: exclusion | E37: has a pacemaker or other implanted electrical medical device | F37: Do you have a pacemaker (a small device placed in the chest to help control the heartbeat) or another implanted electrical medical device? | G37: yes | H37: no | I37: 14.1 | J37: 12.9 | K37: Y | L37: Y | M37: Y | P37: Claude
A38: NCT06028503 | B38: claude-opus-5 | C38: 8 | D38: exclusion | E38: Pregnant (management of diabetes while pregnant may require additional medical oversight). | F38: Are you pregnant? | G38: yes | H38: yes | I38: 17.7 | J38: 1.3 | K38: Y | L38: Y | M38: Y | P38: Claude
A39: NCT06028503 | B39: claude-opus-5 | C39: 9 | D39: exclusion | E39: uses a heavy amount of alcohol or other substances | F39: Do you drink a heavy amount of alcohol, or use a heavy amount of other substances (such as drugs)? | G39: yes | H39: yes | I39: 10.2 | J39: 9.2 | K39: Y | L39: Y | M39: Y | P39: Claude
A40: NCT07662135 | B40: study listing (no AI) | C40: 1 | D40: inclusion | E40: Minimum Age: 18 Years | F40: Are you 18 years old or older? | G40: no | H40: no | I40: 3.7 | J40: 0.6 | K40: Y | L40: Y | M40: Y | P40: Claude
A41: NCT07662135 | B41: study listing (no AI) | C41: 2 | D41: inclusion | E41: Accepts Healthy Volunteers: No · Conditions: Type 2 Diabetes Mellitus, Type 2 Diabetes With Chronic Kidney Disease | F41: Do you have type 2 diabetes (a long-term condition where your body has trouble using insulin, so your blood sugar runs high)? | G41: no | H41: no | I41: 15 | J41: 11.2 | K41: Y | L41: Y | M41: Y | P41: Claude
A42: NCT07662135 | B42: claude-opus-5 | C42: 3 | D42: inclusion | E42: Diagnosed with Type 2 Diabetes Mellitus for at least 90 days prior to screening | F42: Were you diagnosed with type 2 diabetes at least 90 days (about 3 months) ago? | G42: no | H42: no | I42: 9.3 | J42: 7.6 | K42: Y | L42: Y | M42: Y | P42: Claude
A43: NCT07662135 | B43: claude-opus-5 | C43: 4 | D43: inclusion | E43: Impaired renal function | F43: Has a doctor told you that your kidneys do not work as well as they should? | G43: no | H43: no | I43: 9.2 | J43: 3.9 | K43: Y | L43: Y | M43: Y | P43: Claude
A44: NCT07662135 | B44: claude-opus-5 | C44: 5 | D44: inclusion | E44: Body mass index (BMI) of ≥ 23 kg/m2 at screening | F44: Is your body mass index (BMI, a number based on your height and weight) 23 kg/m2 or higher? | G44: no | H44: no | I44: 5 | J44: 6.5 | K44: Y | L44: Y | M44: Y | P44: Claude
A45: NCT07662135 | B45: claude-opus-5 | C45: 6 | D45: inclusion | E45: Stable body weight (self-reported or documented) for 90 days prior to screening | F45: Has your body weight stayed about the same for the last 90 days (about 3 months)? | G45: no | H45: no | I45: 11.7 | J45: 4.7 | K45: Y | L45: Y | M45: Y | P45: Claude
A46: NCT07662135 | B46: claude-opus-5 | C46: 7 | D46: exclusion | E46: Type 1 Diabetes, secondary forms of diabetes (including congenital forms), or history of ketoacidosis or hyperosmolar coma | F46: Do you have type 1 diabetes, another type of diabetes caused by a different illness or present from birth, or have you ever had ketoacidosis (a dangerous build-up of acids in the blood) or a hyperosmolar coma (a coma caused by very high blood sugar)? | G46: yes | H46: no | I46: 19.5 | J46: 21.1 | K46: Y | L46: Y | M46: Y | P46: Claude
A47: NCT07662135 | B47: claude-opus-5 | C47: 8 | D47: exclusion | E47: Have had more than one episode of severe hypoglycemia within 180 days prior to screening or has a history of hypoglycemia unawareness or poor recognition of hypoglycemic symptoms | F47: In the last 180 days (about 6 months), have you had more than one episode of severe low blood sugar (when you needed someone else's help), or do you have trouble feeling or noticing the warning signs of low blood sugar? | G47: yes | H47: no | I47: 18.9 | J47: 16.2 | K47: Y | L47: Y | M47: Y | P47: Claude
... A49: NCT07662135 | B49: claude-opus-5 | C49: 10 | D49: exclusion | E49: History/family history of medullary thyroid cancer or multiple endocrine neoplasia type 2 | F49: Have you or a family member ever had medullary thyroid cancer (a rare cancer of the thyroid gland) or multiple endocrine neoplasia type 2 (a rare inherited condition that causes tumors in hormone glands)? | G49: yes | H49: no | I49: 15.6 | J49: 17.1 | K49: Y | L49: Y | M49: Y | P49: Claude
A50: NCT07095543 | B50: study listing (no AI) | C50: 1 | D50: inclusion | E50: Minimum Age: 18 Years | F50: Are you 18 years old or older? | G50: no | H50: no | I50: 3.7 | J50: 0.6 | K50: Y | L50: Y | M50: Y | N50: CHECK (trial level): listing says 18+, but the criteria say 19+ in Nebraska and Alabama and 21+ in Puerto Rico. Sent to human review | O50: check | P50: Claude | Q50: Y
A51: NCT07095543 | B51: study listing (no AI) | C51: 2 | D51: inclusion | E51: Accepts Healthy Volunteers: No · Conditions: Type 2 Diabetes, Overweight and Obese Adults | F51: Do you have type 2 diabetes (a long-term condition where your body has trouble using insulin, so your blood sugar runs high)? | G51: no | H51: no | I51: 13.7 | J51: 11.2 | K51: Y | L51: Y | M51: Y | P51: Claude
A52: NCT07095543 | B52: claude-opus-5 | C52: 3 | D52: inclusion | E52: BMI of 25 or more (23 or more in persons of Asian origin). | F52: Is your BMI (body mass index, a measure of weight compared to height) 25 or more? If you are of Asian origin, is it 23 or more? | G52: no | H52: no | I52: 4.9 | J52: 4.5 | K52: Y | L52: Y | M52: Y | P52: Claude
A53: NCT07095543 | B53: claude-opus-5 | C53: 4 | D53: exclusion | E53: Current or expected use of any weight loss medication during the study period, including but not limited to, glucagon-like peptide-1 (GLP-1) receptor agonists and combination GLP-1 receptor/glucose-dependent insulinotropic polypeptide (GIP) agonists. | F53: Do you use, or expect to use, any weight loss medicine during the study, such as a GLP-1 receptor agonist or a combined GLP-1/GIP agonist (injectable or oral drugs used for weight loss or diabetes, like semaglutide or tirzepatide)? | G53: yes | H53: no | I53: 21.6 | J53: 17.8 | K53: Y | L53: Y | M53: Y | P53: Claude
A54: NCT07095543 | B54: claude-opus-5 | C54: 5 | D54: exclusion | E54: Use of any weight loss medication within the 12 months preceding the study period, including but not limited to, glucagon-like peptide-1 (GLP-1) receptor agonists and combination GLP-1 receptor/glucose-dependent insulinotropic polypeptide (GIP) agonists. | F54: In the 12 months before the study, have you used any weight loss medicine, such as a GLP-1 receptor agonist or a combined GLP-1/GIP agonist (injectable or oral drugs used for weight loss or diabetes, like semaglutide or tirzepatide)? | G54: yes | H54: no | I54: 21.2 | J54: 17.5 | K54: Y | L54: Y | M54: Y | P54: Claude
A55: NCT07095543 | B55: claude-opus-5 | C55: 6 | D55: exclusion | E55: Body weight greater than 182 kg. | F55: Do you weigh more than 182 kg (about 401 pounds)? | G55: yes | H55: no | I55: 2.5 | J55: 1.3 | K55: Y | L55: Y | M55: Y | P55: Claude
A56: NCT07095543 | B56: claude-opus-5 | C56: 7 | D56: exclusion | E56: Pregnancy or intention to become pregnant during the study period, as verified by self-report. | F56: Are you pregnant, or do you plan to become pregnant during the study? | G56: yes | H56: yes | I56: 14.3 | J56: 5.8 | K56: Y | L56: Y | M56: Y | P56: Claude
A57: NCT07095543 | B57: claude-opus-5 | C57: 8 | D57: exclusion | E57: Current diagnosis of eating disorder. | F57: Do you currently have a diagnosis of an eating disorder (such as anorexia, bulimia, or binge eating disorder)? | G57: yes | H57: yes | I57: 14.7 | J57: 15 | K57: Y | L57: Y | M57: Y | P57: Claude
A58: NCT07095543 | B58: claude-opus-5 | C58: 9 | D58: inclusion | E58: Able and willing to travel to Washington DC for a dual-energy х-rау absorptiometry (DXA) scans before and after the program. | F58: Are you able and willing to travel to Washington, DC for a DXA scan (a body scan that measures fat, muscle, and bone) before and after the program? | G58: no | H58: no | I58: 12.3 | J58: 11.8 | K58: Y | L58: Y | M58: Y | P58: Claude
A59: NCT07095543 | B59: claude-opus-5 | C59: 10 | D59: exclusion | E59: Intention to follow another weight loss method during the study period. | F59: Do you plan to follow another weight loss method during the study? | G59: yes | H59: no | I59: 11.2 | J59: 6.8 | K59: Y | L59: Y | M59: Y | P59: Claude
A60: NCT06546085 | B60: study listing (no AI) | C60: 1 | D60: inclusion | E60: Minimum Age: 30 Years · Maximum Age: 80 Years | F60: Are you between 30 and 80 years old? | G60: no | H60: no | I60: 5.2 | J60: 0.8 | K60: Y | L60: Y | M60: Y | P60: Claude
A61: NCT06546085 | B61: claude-opus-5 | C61: 2 | D61: inclusion | E61: Not diagnosed with Type 1 diabetes. | F61: Have you been diagnosed with type 1 diabetes (a form of diabetes where the body makes little or no insulin, usually starting in childhood)? | G61: yes | H61: no | I61: 8.4 | J61: 13.9 | K61: Y | L61: Y | M61: Y | P61: Claude
A62: NCT06546085 | B62: claude-opus-5 | C62: 3 | D62: exclusion | E62: Evidence of type 1 diabetes and diabetics requiring insulin therapy. | F62: Do you need insulin shots to treat your diabetes? | G62: yes | H62: no | I62: 17.8 | J62: 6.3 | K62: Y | L62: Y | M62: Y | P62: Claude
... A64: NCT06546085 | B64: claude-opus-5 | C64: 5 | D64: exclusion | E64: Participants who have not been weight stable (≥2 kg weight change in past 6 months) | F64: In the past 6 months, has your weight changed by 2 kg (about 4.5 pounds) or more? | G64: yes | H64: no | I64: 5.2 | J64: 0.2 | K64: Y | L64: Y | M64: Y | P64: Claude
A65: NCT06546085 | B65: claude-opus-5 | C65: 6 | D65: exclusion | E65: Participants who have been recently active in past 6 months via health screening questions (≥150 min of moderate/high intensity exercise) | F65: In the past 6 months, have you been doing 150 minutes or more of moderate or high intensity exercise each week? | G65: yes | H65: no | I65: 14 | J65: 9.5 | K65: Y | L65: Y | M65: Y | N65: CHECK: adds "each week." The original just says "150 min" of exercise; per week is almost certainly meant (it is the standard guideline), but it is an added word | O65: check | P65: Claude | Q65: Y
A66: NCT06546085 | B66: claude-opus-5 | C66: 7 | D66: exclusion | E66: T2D with HbA1c ≥10.0% | F66: Is your most recent HbA1c (a blood test that shows your average blood sugar over about 3 months) 10.0% or higher? | G66: yes | H66: no | I66: -2.2 | J66: 4.2 | K66: Y | L66: Y | M66: Y | P66: Claude
A67: NCT06546085 | B67: claude-opus-5 | C67: 8 | D67: exclusion | E67: Participants who are smokers or who have quit smoking ≤2 years ago | F67: Do you smoke, or did you quit smoking within the past 2 years? | G67: yes | H67: no | I67: 6.8 | J67: 3.1 | K67: Y | L67: Y | M67: Y | P67: Claude
A68: NCT06546085 | B68: claude-opus-5 | C68: 9 | D68: exclusion | E68: Pregnant (as evidenced by positive pregnancy test) or nursing women | F68: Are you pregnant or breastfeeding? | G68: yes | H68: yes | I68: 10.7 | J68: 5.2 | K68: Y | L68: Y | M68: Y | P68: Claude
A69: NCT06546085 | B69: claude-opus-5 | C69: 10 | D69: exclusion | E69: Known hypersensitivity to perflutren (contained in Definity). | F69: Do you have a known allergy to perflutren (the active ingredient in the imaging dye Definity)? | G69: yes | H69: no | I69: 15.8 | J69: 10.6 | K69: Y | L69: Y | M69: Y | P69: Claude
A70: NCT07340320 | B70: study listing (no AI) | C70: 1 | D70: inclusion | E70: Minimum Age: 18 Years · Maximum Age: 75 Years | F70: Are you between 18 and 75 years old? | G70: no | H70: no | I70: 5.2 | J70: 0.8 | K70: Y | L70: Y | M70: Y | P70: Claude
A71: NCT07340320 | B71: study listing (no AI) | C71: 2 | D71: inclusion | E71: Accepts Healthy Volunteers: No · Conditions: Type II Diabetes Mellitus | F71: Do you have type 2 diabetes (a long-term condition where your body has trouble using insulin, so your blood sugar runs high)? | G71: no | H71: no | I71: 14.1 | J71: 11.2 | K71: Y | L71: Y | M71: Y | P71: Claude
A72: NCT07340320 | B72: claude-opus-5 | C72: 3 | D72: inclusion | E72: Diagnosis of type 2 diabetes for at least 6 months. | F72: Have you had type 2 diabetes for at least 6 months? | G72: no | H72: no | I72: 7.2 | J72: 3.7 | K72: Y | L72: Y | M72: Y | P72: Claude
A73: NCT07340320 | B73: claude-opus-5 | C73: 4 | D73: inclusion | E73: HbA1c between 7.0% and 10.5%. | F73: Was your most recent HbA1c (a blood test that shows your average blood sugar over about 3 months) between 7.0% and 10.5%? | G73: no | H73: no | I73: -0.5 | J73: 4.3 | K73: Y | L73: Y | M73: Y | P73: Claude
A74: NCT07340320 | B74: claude-opus-5 | C74: 5 | D74: inclusion | E74: Body mass index (BMI) between 23 and 50 kg/m². | F74: Is your body mass index (BMI, a number based on your height and weight) between 23 and 50 kg/m²? | G74: no | H74: no | I74: 5 | J74: 6.7 | K74: Y | L74: Y | M74: Y | P74: Claude
A75: NCT07340320 | B75: claude-opus-5 | C75: 6 | D75: inclusion | E75: Body weight stable for the past 3 months before joining. | F75: Has your body weight stayed about the same for the past 3 months? | G75: no | H75: no | I75: 4.8 | J75: 3.1 | K75: Y | L75: Y | M75: Y | P75: Claude
A76: NCT07340320 | B76: claude-opus-5 | C76: 7 | D76: inclusion | E76: Stable dose of metformin (≥1000 mg/day), with or without SGLT2i, for ≥3 months. | F76: Have you been taking metformin (a common diabetes pill) at 1000 mg a day or more, at the same dose, for at least 3 months? | G76: no | H76: no | I76: 4.9 | J76: 8.8 | K76: Y | L76: Y | M76: Y | P76: Claude
A77: NCT07340320 | B77: claude-opus-5 | C77: 8 | D77: exclusion | E77: Use of any GLP-1 receptor agonist within the past 6 months, or any prior exposure to CX11. | F77: In the past 6 months, have you used a GLP-1 receptor agonist (a diabetes or weight medicine such as semaglutide, dulaglutide, or liraglutide)? | G77: yes | H77: no | I77: 9.8 | J77: 12.4 | K77: N | L77: Y | M77: Y | N77: missing requirement (minor): leaves out "or any prior exposure to CX11" (the study drug, so few people are affected) | O77: problem | P77: Claude | Q77: Y
A78: NCT07340320 | B78: claude-opus-5 | C78: 9 | D78: exclusion | E78: Use of insulin to control blood sugar within the past 12 months. | F78: In the past 12 months, have you used insulin to control your blood sugar? | G78: yes | H78: no | I78: 5.8 | J78: 5 | K78: Y | L78: Y | M78: Y | P78: Claude
A79: NCT07340320 | B79: claude-opus-5 | C79: 10 | D79: exclusion | E79: Type 1 diabetes or a history of diabetic ketoacidosis. | F79: Do you have type 1 diabetes, or have you ever had diabetic ketoacidosis (a serious problem where the blood builds up acids called ketones)? | G79: yes | H79: no | I79: 14.1 | J79: 12.9 | K79: Y | L79: Y | M79: Y | P79: Claude
A80: NCT07778524 | B80: study listing (no AI) | C80: 1 | D80: inclusion | E80: Minimum Age: 18 Years · Maximum Age: 70 Years | F80: Are you between 18 and 70 years old? | G80: no | H80: no | I80: 5.2 | J80: 0.8 | K80: Y | L80: Y | M80: Y | N80: CHECK (trial level, important): this trial EXCLUDES people with diabetes, yet it shows up in type 2 diabetes searches and got a 9-question screener. A visitor with diabetes would be misled. Each question below is fine on its own | O80: check | P80: Claude | Q80: Y
A81: NCT07778524 | B81: claude-opus-5 | C81: 2 | D81: inclusion | E81: Body mass index of 18-45 kg/m2 (or 18-42 kg/m2 for those of Asian ancestry) | F81: Is your body mass index (BMI, a measure of weight compared to height) between 18 and 45 — or between 18 and 42 if you are of Asian ancestry? | G81: no | H81: no | I81: 7.6 | J81: 10.9 | K81: Y | L81: Y | M81: Y | P81: Claude
A82: NCT07778524 | B82: claude-opus-5 | C82: 3 | D82: exclusion | E82: Documented weight change of ≥ 5.0% of baseline within the previous 3 months | F82: In the past 3 months, has your weight changed by 5% or more of your usual weight? | G82: yes | H82: no | I82: 5.4 | J82: 4.2 | K82: Y | L82: Y | M82: Y | P82: Claude
A83: NCT07778524 | B83: claude-opus-5 | C83: 4 | D83: exclusion | E83: History of gestational diabetes mellitus within the previous 5 years | F83: Have you had gestational diabetes (diabetes during pregnancy) in the past 5 years? | G83: yes | H83: yes | I83: 15.4 | J83: 12.2 | K83: Y | L83: Y | M83: Y | P83: Claude
A84: NCT07778524 | B84: claude-opus-5 | C84: 5 | D84: exclusion | E84: Women currently pregnant | F84: Are you currently pregnant? | G84: yes | H84: yes | I84: 13.1 | J84: 6.6 | K84: Y | L84: Y | M84: Y | P84: Claude
A85: NCT07778524 | B85: claude-opus-5 | C85: 6 | D85: exclusion | E85: Women currently breastfeeding | F85: Are you currently breastfeeding? | G85: yes | H85: yes | I85: 17 | J85: 9.6 | K85: Y | L85: Y | M85: Y | P85: Claude
A86: NCT07778524 | B86: claude-opus-5 | C86: 7 | D86: exclusion | E86: Cardiovascular diseases (N.B. uncomplicated hypertension is not exclusionary) | F86: Do you have a heart or blood vessel disease? (High blood pressure alone, without complications, does not count.) | G86: yes | H86: no | I86: 24.3 | J86: 5 | K86: Y | L86: Y | M86: Y | P86: Claude
A87: NCT07778524 | B87: claude-opus-5 | C87: 8 | D87: exclusion | E87: Advanced or severe liver disease, including but not limited to: | F87: Do you have advanced or severe liver disease (serious damage or scarring of the liver)? | G87: yes | H87: no | I87: 9.6 | J87: 9.1 | K87: Y | L87: Y | M87: Y | P87: Claude
A88: NCT07778524 | B88: claude-opus-5 | C88: 9 | D88: exclusion | E88: History of certain weight-loss (bariatric) surgery, including: * Roux-en-Y gastric bypass * Biliopancreatic diversion * Restrictive procedures (lap band, sleeve gastrectomy) performed within the past 6 months | F88: Have you had gastric bypass (Roux-en-Y) or biliopancreatic diversion weight-loss surgery at any time, or a lap band or sleeve gastrectomy (stomach-shrinking surgery) in the past 6 months? | G88: yes | H88: no | I88: 18.8 | J88: 16 | K88: Y | L88: Y | M88: Y | P88: Claude
A89: NCT07778524 | B89: claude-opus-5 | C89: 10 | D89: exclusion | E89: Clinical concern for alcohol overuse based on chart review and/or by recruit's report of more than 14 standard drinks per week for males or more than 7 standard drinks per week for females | F89: Do you drink more than 14 standard alcoholic drinks per week (if you are male) or more than 7 standard alcoholic drinks per week (if you are female)? | G89: yes | H89: yes | I89: 14.1 | J89: 10.9 | K89: Y | L89: Y | M89: Y | P89: Claude

Sheet Needs review
A1: trial_id | B1: original_text | C1: problem (written by AI) | D1: Rohan agrees it needs a human? (Y/N) | E1: Rohan notes
A2: NCT05208164 | B2: Diagnosis of type 2 diabetes | C2: The criteria require a diagnosis of type 2 diabetes, but the structured listing says the study accepts healthy volunteers. Someone should check which is correct. | D2: Y
A3: NCT07662135 | B3: HbA1c value: 1. On stable dose of SGLT2i ≥ 7.0 % to ≤ 10.5% (53 to 91.3 mmol/mol) 2. SGLT2i-naive ≥ 7.5% to ≤ 10.5% (58 to 91.3 mmol/mol) | C3: The required HbA1c range depends on whether the patient takes a stable dose of an SGLT2 inhibitor (7.0-10.5%) or has never taken one (7.5-10.5%). A single patient question cannot cover both ranges without risking a wrong exclusion; someone should decide how to split or word this. | D3: Y
A4: NCT07095543 | B4: Age 19 or older in Nebraska and Alabama. Age 21 or older in Puerto Rico. Age 18 or older in all other states. | C4: The criteria set different minimum ages depending on where the person lives (19 in Nebraska and Alabama, 21 in Puerto Rico), but the listing's minimum age is 18 years. Someone needs to check which age limit applies. | D4: Y
A5: NCT06546085 | B5: Prescribed metformin, GLP-1 agonists (oral/injectable), TZDs, DPP-IV inhibitors, Acarbose, SGLT-2 inhibitors ≥6 year. | C5: This inclusion criterion requires being prescribed these diabetes medicines for 6 years or more, but the exclusion criterion "Participants prescribed metformin, GLP-1 agonists (oral/injectable), TZDs, DPP-IV inhibitors, Acarbose, SGLT-2 inhibitors within 6 year." appears to rule out the same people. Someone needs to clarify the intended direction and time period. | D5: Y
A6: NCT06546085 | B6: Has a body mass index of 20-24.99 or 25.0-45 kg/m2. | C6: The inclusion criterion sets a lower BMI limit of 20, but the exclusion criterion rules out BMI of 18 or less, so it is unclear whether people with a BMI between 18 and 20 can join. | D6: Y
A7: NCT07778524 | B7: History of having met any of the American Diabetes Association's definitions of diabetes mellitus (i.e., overt diabetes): | C7: This criterion, and the related criterion "Laboratory evidence of diabetes mellitus:", rule out anyone with diabetes, but the trial's listed conditions include Type 2 Diabetes. Someone needs to check whether people with type 2 diabetes can take part at all. | D7: Y
A8: NCT07778524 | B8: Use of most antidiabetic medications within the 90 days prior to screening * Exceptions: thiazolidinediones, sulfonylureas, meglitinides, DPP4 inhibitors, GLP-1 receptor agonists, SGLT2 inhibitors, amylin mimetics, acarbose, insulin * Metformin is acceptable provided that recruits meet all of the inclusion criteria at screening | C8: The listed "exceptions" are themselves antidiabetic medicines, and a later criterion says antidiabetic drugs except metformin within 30 days are excluded. It is unclear which medicines and which time period actually rule a person out. | D8: Y

Sheet Summary
A1: Version 3 (held-out) | B1: claude-opus-5 | C1: study listing (no AI)
A2: Questions graded | B2: =COUNTIF(Grades!$B$2:$B$89,B$1) -> 72 | C2: =COUNTIF(Grades!$B$2:$B$89,C$1) -> 16
A3: Questions with any N | B3: =SUMPRODUCT((Grades!$B$2:$B$89=B$1)*(((Grades!$K$2:$K$89="N")+(Grades!$L$2:$L$89="N")+(Grades!$M$2:$M$89="N"))>0)) -> 2 | C3: =SUMPRODUCT((Grades!$B$2:$B$89=C$1)*(((Grades!$K$2:$K$89="N")+(Grades!$L$2:$L$89="N")+(Grades!$M$2:$M$89="N"))>0)) -> 0
A4: % fully correct | B4: =IFERROR(1-B3/B2,0) -> 0.97222222 | C4: =IFERROR(1-C3/C2,0) -> 1
A5: Accurate = N | B5: =COUNTIFS(Grades!$B$2:$B$89,B$1,Grades!$K$2:$K$89,"N") -> 1 | C5: =COUNTIFS(Grades!$B$2:$B$89,C$1,Grades!$K$2:$K$89,"N") -> 0
A6: Easy to understand = N | B6: =COUNTIFS(Grades!$B$2:$B$89,B$1,Grades!$L$2:$L$89,"N") -> 1 | C6: =COUNTIFS(Grades!$B$2:$B$89,C$1,Grades!$L$2:$L$89,"N") -> 0
A7: Counts against = N | B7: =COUNTIFS(Grades!$B$2:$B$89,B$1,Grades!$M$2:$M$89,"N") -> 0 | C7: =COUNTIFS(Grades!$B$2:$B$89,C$1,Grades!$M$2:$M$89,"N") -> 0
A8: Avg reading grade: original | B8: =AVERAGEIF(Grades!$B$2:$B$89,B$1,Grades!$I$2:$I$89) -> 12.3625 | C8: =AVERAGEIF(Grades!$B$2:$B$89,C$1,Grades!$I$2:$I$89) -> 7.9125
A9: Avg reading grade: question | B9: =AVERAGEIF(Grades!$B$2:$B$89,B$1,Grades!$J$2:$J$89) -> 9.0694444 | C9: =AVERAGEIF(Grades!$B$2:$B$89,C$1,Grades!$J$2:$J$89) -> 4.65
A10: Rows you reviewed | B10: =COUNTIFS(Grades!$B$2:$B$89,B$1,Grades!$Q$2:$Q$89,"?*") -> 5 | C10: =COUNTIFS(Grades!$B$2:$B$89,C$1,Grades!$Q$2:$Q$89,"?*") -> 4
A11: Rows you disagreed with | B11: =COUNTIFS(Grades!$B$2:$B$89,B$1,Grades!$Q$2:$Q$89,"N") -> 0 | C11: =COUNTIFS(Grades!$B$2:$B$89,C$1,Grades!$Q$2:$Q$89,"N") -> 0
A14: Opus across all three versions (AI questions, % fully correct)
B15: % fully correct | C15: questions | D15: trials
A16: Version 1 (same 10 trials) | B16: 0.83 | C16: 100 | D16: 10 tuning trials
A17: Version 2 (same 10 trials) | B17: 0.92957746 | C17: 71 | D17: 10 tuning trials
A18: Version 3 (10 NEW trials) | B18: =B4 -> 0.97222222 | C18: =B2 -> 72 | D18: 10 held-out trials
A19: Blue values come from your reviewed v1 and v2 files (Opus: 83 of 100 and 66 of 71 fully correct).
