Workbook

Sheet How to review
A1: How to review Claude's first-pass grades
A3: Claude filled in the three grade columns and the notes for all 177 questions. Your job is to check them.
A5: 1. Go to the "Grades" tab. Rows shaded light red are the ones Claude marked with at least one N - start there (24 rows).
A6: 2. For each red row, read "original_text", then "ai_question", then Claude's note.
A7: 3. In the yellow column "Rohan agrees? (Y/N)", type Y if you agree with Claude's grades, or N if you don't.
A8: 4. If you type N, write why in the yellow "Rohan notes" column.
A9: 5. Optional: skim a few unshaded (all-Y) rows and spot-check that they really are fine.
A11: What the grades mean
A12: accurate: does the AI question ask the same thing as the original text, with nothing missing or changed?
A13: easy to understand: would an average person understand the question without looking anything up?
A14: correct answer counts against: if a patient gave the answer in "answer_that_counts_against", should they really be turned away?
A16: Example of a filled-in review row
... A20: The "Summary" tab counts results by model and updates automatically as you edit.

Sheet Grades
A1: trial_id | B1: model | C1: question_number | D1: criterion_type | E1: original_text | F1: ai_question | G1: answer_that_counts_against | H1: sensitive_topic | I1: grade_level_original | J1: grade_level_question | K1: accurate (Y/N) | L1: easy to understand (Y/N) | M1: correct answer counts against (Y/N) | N1: notes | O1: first-pass grader | P1: Rohan agrees? (Y/N) | Q1: Rohan notes
A2: NCT07661368 | B2: claude-opus-5 | C2: 1 | D2: inclusion | E2: Age: 50 - 75 yrs | F2: Are you between 50 and 75 years old? | G2: no | H2: no | I2: -2.2 | J2: 0.8 | K2: Y | L2: Y | M2: Y | O2: Claude
A3: NCT07661368 | B3: claude-opus-5 | C3: 2 | D3: inclusion | E3: Score of 5 or greater on ADA (diabetes) screener | F3: Have you scored 5 or higher on the American Diabetes Association (ADA) diabetes risk screener? | G3: no | H3: no | I3: 7.6 | J3: 14.6 | K3: Y | L3: Y | M3: Y | O3: Claude
A4: NCT07661368 | B4: claude-opus-5 | C4: 3 | D4: inclusion | E4: Self-report family history of dementia or AD | F4: Does someone in your family have dementia or Alzheimer's disease (a brain illness that affects memory and thinking)? | G4: no | H4: no | I4: 15.8 | J4: 12.4 | K4: Y | L4: Y | M4: Y | O4: Claude
A5: NCT07661368 | B5: claude-opus-5 | C5: 4 | D5: inclusion | E5: Smartphone (iOS or Android) | F5: Do you have a smartphone (iPhone or Android)? | G5: no | H5: no | I5: 6.6 | J5: 2.3 | K5: Y | L5: Y | M5: Y | O5: Claude
A6: NCT07661368 | B6: claude-opus-5 | C6: 5 | D6: inclusion | E6: Verbal and written informed consent | F6: Are you able to give spoken and written informed consent to join a study? | G6: no | H6: no | I6: 7.6 | J6: 6.7 | K6: Y | L6: Y | M6: Y | O6: Claude
A7: NCT07661368 | B7: claude-opus-5 | C7: 6 | D7: exclusion | E7: Food allergies or conditions requiring a specialized diet that would limit participation | F7: Do you have any food allergies? | G7: yes | H7: no | I7: 15.6 | J7: 4.5 | K7: N | L7: Y | M7: Y | N7: dropped qualifier: question asks about ANY food allergy; original only excludes allergies/special diets "that would limit participation" | O7: Claude | P7: Y
A8: NCT07661368 | B8: claude-opus-5 | C8: 7 | D8: exclusion | E8: Food allergies or conditions requiring a specialized diet that would limit participation | F8: Do you have a health condition that requires you to follow a special diet? | G8: yes | H8: no | I8: 15.6 | J8: 7.6 | K8: N | L8: Y | M8: Y | N8: dropped qualifier: missing "that would limit participation" | O8: Claude | P8: Y
A9: NCT07661368 | B9: claude-sonnet-5 | C9: 1 | D9: inclusion | E9: Age: 50 - 75 yrs | F9: Are you between 50 and 75 years old? | G9: no | H9: no | I9: -2.2 | J9: 0.8 | K9: Y | L9: Y | M9: Y | O9: Claude
A10: NCT07661368 | B10: claude-sonnet-5 | C10: 2 | D10: inclusion | E10: Score of 5 or greater on ADA (diabetes) screener | F10: Did you score 5 or higher on the ADA (American Diabetes Association) diabetes risk screener? | G10: no | H10: no | I10: 7.6 | J10: 14.6 | K10: Y | L10: Y | M10: Y | O10: Claude
A11: NCT07661368 | B11: claude-sonnet-5 | C11: 3 | D11: inclusion | E11: Self-report family history of dementia or AD | F11: Do you have a family history of dementia or Alzheimer's disease? | G11: no | H11: no | I11: 15.8 | J11: 11.2 | K11: Y | L11: Y | M11: Y | O11: Claude
A12: NCT07661368 | B12: claude-sonnet-5 | C12: 4 | D12: inclusion | E12: Smartphone (iOS or Android) | F12: Do you have a smartphone (iPhone or Android)? | G12: no | H12: no | I12: 6.6 | J12: 2.3 | K12: Y | L12: Y | M12: Y | O12: Claude
A13: NCT07661368 | B13: claude-sonnet-5 | C13: 5 | D13: inclusion | E13: Verbal and written informed consent | F13: Are you willing and able to give verbal and written informed consent? | G13: no | H13: no | I13: 7.6 | J13: 6.8 | K13: Y | L13: Y | M13: Y | O13: Claude
A14: NCT07661368 | B14: claude-sonnet-5 | C14: 6 | D14: exclusion | E14: Food allergies or conditions requiring a specialized diet that would limit participation | F14: Do you have food allergies or a condition that requires a special diet that would limit your participation? | G14: yes | H14: no | I14: 15.6 | J14: 11.8 | K14: Y | L14: Y | M14: Y | O14: Claude
A15: NCT05933161 | B15: claude-opus-5 | C15: 1 | D15: inclusion | E15: Prior implantation of contemporary, centrifugal flow LVAD (HeartWare or HeartMate 3) at any time after 2010 | F15: Have you had a heart pump (LVAD, either HeartWare or HeartMate 3) implanted at any time after 2010? | G15: no | H15: no | I15: 13.5 | J15: 7.8 | K15: Y | L15: Y | M15: Y | O15: Claude
A16: NCT05933161 | B16: claude-opus-5 | C16: 2 | D16: inclusion | E16: Diagnosis of type II diabetes mellitus | F16: Have you been diagnosed with type 2 diabetes? | G16: no | H16: no | I16: 14.3 | J16: 6.7 | K16: Y | L16: Y | M16: Y | O16: Claude
A17: NCT05933161 | B17: claude-opus-5 | C17: 3 | D17: inclusion | E17: Any antihyperglycemic regimen | F17: Are you taking any medicine to lower your blood sugar? | G17: no | H17: no | I17: 24.9 | J17: 7.2 | K17: Y | L17: Y | M17: Y | O17: Claude
A18: NCT05933161 | B18: claude-opus-5 | C18: 4 | D18: inclusion | E18: Greater than 3 months out from LVAD implantation | F18: Has it been more than 3 months since your LVAD was implanted? | G18: no | H18: no | I18: 5.2 | J18: 2.9 | K18: Y | L18: Y | M18: Y | O18: Claude
A19: NCT05933161 | B19: claude-opus-5 | C19: 5 | D19: inclusion | E19: Capable of utilizing smartphone device for LibreLink app for uploading glycemic data | F19: Can you use a smartphone to run the LibreLink app and upload your blood sugar data? | G19: no | H19: no | I19: 14.7 | J19: 6.9 | K19: Y | L19: Y | M19: Y | O19: Claude
A20: NCT05933161 | B20: claude-opus-5 | C20: 6 | D20: inclusion | E20: Patients may be enrolled who have preexisting CGM in place. | F20: Do you already use a continuous glucose monitor (CGM, a sensor that tracks your blood sugar all day)? | G20: no | H20: no | I20: 6 | J20: 9.8 | K20: N | L20: Y | M20: N | N20: wrong direction: original says people who already have a CGM MAY join (allowed, not required), but a "no" answer would count against them | O20: Claude | P20: Y
A21: NCT05933161 | B21: claude-opus-5 | C21: 7 | D21: exclusion | E21: Type I diabetics | F21: Have you been diagnosed with type 1 diabetes? | G21: yes | H21: no | I21: 9.2 | J21: 6.7 | K21: Y | L21: Y | M21: Y | O21: Claude
A22: NCT05933161 | B22: claude-opus-5 | C22: 8 | D22: exclusion | E22: Unable to return at 3 month evaluation | F22: Would it be hard for you to come back for a visit 3 months later? | G22: yes | H22: no | I22: 10.7 | J22: 3.6 | K22: N | L22: Y | M22: Y | N22: dropped qualifier: "hard to come back" is broader than "unable to return" | O22: Claude | P22: Y
A23: NCT05933161 | B23: claude-sonnet-5 | C23: 1 | D23: inclusion | E23: Prior implantation of contemporary, centrifugal flow LVAD (HeartWare or HeartMate 3) at any time after 2010 | F23: Have you had a HeartWare or HeartMate 3 left ventricular assist device (LVAD) implanted at any time after 2010? | G23: no | H23: no | I23: 13.5 | J23: 10.5 | K23: Y | L23: Y | M23: Y | O23: Claude
A24: NCT05933161 | B24: claude-sonnet-5 | C24: 2 | D24: inclusion | E24: Diagnosis of type II diabetes mellitus | F24: Have you been diagnosed with type 2 diabetes? | G24: no | H24: no | I24: 14.3 | J24: 6.7 | K24: Y | L24: Y | M24: Y | O24: Claude
A25: NCT05933161 | B25: claude-sonnet-5 | C25: 3 | D25: inclusion | E25: Any antihyperglycemic regimen | F25: Are you currently taking any medicine to lower your blood sugar? | G25: no | H25: no | I25: 24.9 | J25: 9.1 | K25: Y | L25: Y | M25: Y | O25: Claude
A26: NCT05933161 | B26: claude-sonnet-5 | C26: 4 | D26: inclusion | E26: Greater than 3 months out from LVAD implantation | F26: Was your LVAD implanted more than 3 months ago? | G26: no | H26: no | I26: 5.2 | J26: 3.7 | K26: Y | L26: Y | M26: Y | O26: Claude
A27: NCT05933161 | B27: claude-sonnet-5 | C27: 5 | D27: inclusion | E27: Capable of utilizing smartphone device for LibreLink app for uploading glycemic data | F27: Do you have a smartphone you can use with the LibreLink app to upload your blood sugar data? | G27: no | H27: no | I27: 14.7 | J27: 7.2 | K27: Y | L27: Y | M27: Y | O27: Claude
A28: NCT05933161 | B28: claude-sonnet-5 | C28: 6 | D28: exclusion | E28: Type I diabetics | F28: Do you have type 1 diabetes? | G28: yes | H28: no | I28: 9.2 | J28: 4.5 | K28: Y | L28: Y | M28: Y | O28: Claude
A29: NCT05933161 | B29: claude-sonnet-5 | C29: 7 | D29: exclusion | E29: Unable to return at 3 month evaluation | F29: Would you be able to return for a follow-up visit at 3 months? | G29: no | H29: no | I29: 10.7 | J29: 5.8 | K29: Y | L29: Y | M29: Y | O29: Claude
A30: NCT06628453 | B30: claude-opus-5 | C30: 1 | D30: inclusion | E30: Type 2 diabetes mellitus treated with daily insulin injections or oral hypoglycemic agents diagnosed before pregnancy or at less than 14 weeks gestation with hemoglobin A1c 6.5% or greater | F30: Do you have type 2 diabetes treated with daily insulin shots or diabetes pills? | G30: no | H30: no | I30: 13.3 | J30: 10.1 | K30: Y | L30: Y | M30: Y | O30: Claude
A31: NCT06628453 | B31: claude-opus-5 | C31: 2 | D31: inclusion | E31: Type 2 diabetes mellitus treated with daily insulin injections or oral hypoglycemic agents diagnosed before pregnancy or at less than 14 weeks gestation with hemoglobin A1c 6.5% or greater | F31: Was your diabetes diagnosed before you became pregnant, or before 14 weeks of pregnancy? | G31: no | H31: no | I31: 13.3 | J31: 10.9 | K31: Y | L31: Y | M31: Y | O31: Claude
A32: NCT06628453 | B32: claude-opus-5 | C32: 3 | D32: inclusion | E32: Type 2 diabetes mellitus treated with daily insulin injections or oral hypoglycemic agents diagnosed before pregnancy or at less than 14 weeks gestation with hemoglobin A1c 6.5% or greater | F32: Is your A1c (a blood test showing your average blood sugar over about 3 months) 6.5% or higher? | G32: no | H32: no | I32: 13.3 | J32: 4.3 | K32: Y | L32: Y | M32: Y | O32: Claude
A33: NCT06628453 | B33: claude-opus-5 | C33: 4 | D33: inclusion | E33: Pregnant with viable fetus at 6 to less than 23 weeks gestation | F33: Are you pregnant and between 6 weeks and less than 23 weeks along? | G33: no | H33: yes | I33: 6.8 | J33: 4 | K33: Y | L33: Y | M33: Y | O33: Claude
A34: NCT06628453 | B34: claude-opus-5 | C34: 5 | D34: inclusion | E34: Maternal age 18-50 years old | F34: Are you between 18 and 50 years old? | G34: no | H34: no | I34: 2.9 | J34: 0.8 | K34: Y | L34: Y | M34: Y | O34: Claude
... A37: NCT06628453 | B37: claude-opus-5 | C37: 8 | D37: exclusion | E37: Major fetal anomaly or two or more minor fetal anomalies | F37: Have you been told your baby has a major birth defect, or two or more minor ones? | G37: yes | H37: yes | I37: 11.9 | J37: 5.6 | K37: Y | L37: Y | M37: Y | O37: Claude
A38: NCT06628453 | B38: claude-opus-5 | C38: 9 | D38: exclusion | E38: Participating in another conflicting interventional study | F38: Are you taking part in another clinical study with a treatment or device right now? | G38: yes | H38: no | I38: 24.1 | J38: 8.4 | K38: N | L38: Y | M38: Y | N38: dropped qualifier: missing "conflicting" - only studies that conflict with this one rule you out | O38: Claude | P38: Y
A39: NCT06628453 | B39: claude-opus-5 | C39: 10 | D39: exclusion | E39: Participation in this trial in a previous pregnancy | F39: Did you take part in this same trial during an earlier pregnancy? | G39: yes | H39: yes | I39: 12.6 | J39: 6.8 | K39: Y | L39: Y | M39: Y | O39: Claude
A40: NCT06628453 | B40: claude-sonnet-5 | C40: 1 | D40: inclusion | E40: Type 2 diabetes mellitus treated with daily insulin injections or oral hypoglycemic agents diagnosed before pregnancy or at less than 14 weeks gestation with hemoglobin A1c 6.5% or greater | F40: Do you have type 2 diabetes that is treated with daily insulin shots or diabetes pills? | G40: no | H40: no | I40: 13.3 | J40: 9.8 | K40: Y | L40: Y | M40: Y | O40: Claude
A41: NCT06628453 | B41: claude-sonnet-5 | C41: 2 | D41: inclusion | E41: diagnosed before pregnancy or at less than 14 weeks gestation with hemoglobin A1c 6.5% or greater | F41: Was your type 2 diabetes diagnosed before pregnancy or before 14 weeks of pregnancy? | G41: no | H41: no | I41: 7.4 | J41: 10.9 | K41: Y | L41: Y | M41: Y | O41: Claude
A42: NCT06628453 | B42: claude-sonnet-5 | C42: 3 | D42: inclusion | E42: hemoglobin A1c 6.5% or greater | F42: Is your A1c (a blood test showing your average blood sugar over about 3 months) 6.5% or higher? | G42: no | H42: no | I42: 6.6 | J42: 4.3 | K42: Y | L42: Y | M42: Y | O42: Claude
A43: NCT06628453 | B43: claude-sonnet-5 | C43: 4 | D43: inclusion | E43: Pregnant with viable fetus at 6 to less than 23 weeks gestation | F43: Are you currently pregnant with one baby that has a heartbeat, between 6 and less than 23 weeks along? | G43: no | H43: yes | I43: 6.8 | J43: 8 | K43: Y | L43: Y | M43: Y | O43: Claude
A44: NCT06628453 | B44: claude-sonnet-5 | C44: 5 | D44: inclusion | E44: Maternal age 18-50 years old | F44: Are you between 18 and 50 years old? | G44: no | H44: no | I44: 2.9 | J44: 0.8 | K44: Y | L44: Y | M44: Y | O44: Claude
A45: NCT06628453 | B45: claude-sonnet-5 | C45: 6 | D45: exclusion | E45: Unable or unwilling to wear CGM due to intolerance to medical-grade adhesives or skin conditions | F45: Are you unable or unwilling to wear a continuous glucose monitor (CGM) because of a skin condition or an allergy to medical adhesives? | G45: yes | H45: no | I45: 13.1 | J45: 14.9 | K45: Y | L45: Y | M45: Y | O45: Claude
A46: NCT06628453 | B46: claude-sonnet-5 | C46: 7 | D46: exclusion | E46: Multiple gestation | F46: Are you pregnant with more than one baby (twins or more)? | G46: yes | H46: yes | I46: 20.6 | J46: 2.6 | K46: Y | L46: Y | M46: Y | O46: Claude
A47: NCT06628453 | B47: claude-sonnet-5 | C47: 8 | D47: exclusion | E47: Major fetal anomaly or two or more minor fetal anomalies | F47: Has your baby been found to have a major birth defect, or two or more minor birth defects? | G47: yes | H47: yes | I47: 11.9 | J47: 6.5 | K47: Y | L47: Y | M47: Y | O47: Claude
A48: NCT06628453 | B48: claude-sonnet-5 | C48: 9 | D48: exclusion | E48: Planned delivery outside study consortium | F48: Do you plan to deliver your baby at a hospital outside the study's network? | G48: yes | H48: no | I48: 17 | J48: 8.4 | K48: Y | L48: Y | M48: Y | O48: Claude
A49: NCT06628453 | B49: claude-sonnet-5 | C49: 10 | D49: exclusion | E49: Participation in this trial in a previous pregnancy | F49: Have you taken part in this same study during an earlier pregnancy? | G49: yes | H49: no | I49: 12.6 | J49: 7.8 | K49: Y | L49: Y | M49: Y | O49: Claude
A50: NCT05317585 | B50: claude-opus-5 | C50: 1 | D50: inclusion | E50: 1) age greater than or equal to 18 years old | F50: Are you 18 years old or older? | G50: no | H50: no | I50: 2.5 | J50: 0.6 | K50: Y | L50: Y | M50: Y | O50: Claude
... A59: NCT06739122 | B59: claude-opus-5 | C59: 2 | D59: inclusion | E59: Metformin and/or basal insulin dose must be stable for at least 8 weeks prior to screening. | F59: Has your metformin and/or basal insulin dose stayed the same for at least 8 weeks? | G59: no | H59: no | I59: 8.4 | J59: 6 | K59: Y | L59: Y | M59: Y | O59: Claude
A60: NCT06739122 | B60: claude-opus-5 | C60: 3 | D60: inclusion | E60: Have a body weight ≥50 kilograms (kg) and Body Mass Index (BMI) of >85th percentile | F60: Is your body weight 50 kilograms (about 110 pounds) or more? | G60: no | H60: no | I60: 7.6 | J60: 4.8 | K60: N | L60: Y | M60: Y | N60: missing requirement: leaves out BMI above the 85th percentile (a children's growth measure; this looks like a pediatric trial) | O60: Claude | P60: Y
A61: NCT06739122 | B61: claude-opus-5 | C61: 4 | D61: exclusion | E61: Have Type 1 diabetes | F61: Do you have type 1 diabetes? | G61: yes | H61: no | I61: 6.6 | J61: 4.5 | K61: Y | L61: Y | M61: Y | O61: Claude
A62: NCT06739122 | B62: claude-opus-5 | C62: 5 | D62: exclusion | E62: Have received treatment with any glucose-lowering agent(s) other than metformin, basal insulin, or dulaglutide within 8 weeks prior to screening | F62: In the past 8 weeks, have you taken any diabetes medicine other than metformin, basal insulin, or dulaglutide? | G62: yes | H62: no | I62: 14 | J62: 12.4 | K62: Y | L62: Y | M62: Y | O62: Claude
A63: NCT06739122 | B63: claude-opus-5 | C63: 6 | D63: exclusion | E63: After the Type 2 diabetes diagnosis, have a history of diabetic ketoacidosis or hyperosmolar syndrome | F63: Since your type 2 diabetes was diagnosed, have you ever had diabetic ketoacidosis or hyperosmolar syndrome (serious diabetes emergencies needing urgent care)? | G63: yes | H63: no | I63: 17.8 | J63: 19.3 | K63: Y | L63: Y | M63: Y | O63: Claude
A64: NCT06739122 | B64: claude-opus-5 | C64: 7 | D64: exclusion | E64: Have had ≥1 episode of severe hypoglycemia and/or ≥1 episode of hypoglycemic unawareness within the last 6 months | F64: In the last 6 months, have you had an episode of severe low blood sugar, or low blood sugar you could not feel coming on? | G64: yes | H64: no | I64: 15 | J64: 8.8 | K64: Y | L64: Y | M64: Y | O64: Claude
A65: NCT06739122 | B65: claude-opus-5 | C65: 8 | D65: exclusion | E65: Have family or personal history of medullary thyroid carcinoma (MTC) or multiple endocrine neoplasia syndrome type 2 (MEN2) | F65: Have you or a family member ever had medullary thyroid cancer or multiple endocrine neoplasia syndrome type 2 (a rare inherited gland disease)? | G65: yes | H65: no | I65: 14.4 | J65: 13.9 | K65: Y | L65: Y | M65: Y | O65: Claude
A66: NCT06739122 | B66: claude-opus-5 | C66: 9 | D66: exclusion | E66: Have prior chronic, recurrent, or idiopathic pancreatitis, or known gallbladder disease | F66: Have you ever had long-lasting or repeated pancreatitis (swelling of the pancreas), or gallbladder disease? | G66: yes | H66: no | I66: 15.5 | J66: 13.1 | K66: N | L66: Y | M66: Y | N66: missing requirement: leaves out "idiopathic" (unexplained) pancreatitis; minor | O66: Claude | P66: Y
A67: NCT06739122 | B67: claude-opus-5 | C67: 10 | D67: exclusion | E67: Have been treated with prescription drugs or over-the-counter medications that promote weight loss within 8 weeks prior to screening | F67: In the past 8 weeks, have you taken any prescription or over-the-counter medicine to help you lose weight? | G67: yes | H67: no | I67: 11.1 | J67: 8.5 | K67: Y | L67: Y | M67: Y | O67: Claude
A68: NCT06739122 | B68: claude-sonnet-5 | C68: 1 | D68: inclusion | E68: Have Type 2 diabetes treated with diet and exercise and metformin and/or basal insulin. | F68: Do you have type 2 diabetes that is being treated with diet, exercise, and metformin and/or basal insulin? | G68: no | H68: no | I68: 11.8 | J68: 11.8 | K68: Y | L68: Y | M68: Y | O68: Claude
A69: NCT06739122 | B69: claude-sonnet-5 | C69: 2 | D69: inclusion | E69: Metformin and/or basal insulin dose must be stable for at least 8 weeks prior to screening. | F69: Has your metformin and/or basal insulin dose stayed the same for at least 8 weeks before screening? | G69: no | H69: no | I69: 8.4 | J69: 7.7 | K69: Y | L69: Y | M69: Y | O69: Claude
A70: NCT06739122 | B70: claude-sonnet-5 | C70: 3 | D70: inclusion | E70: Have a body weight ≥50 kilograms (kg) | F70: Do you weigh 50 kilograms (about 110 pounds) or more? | G70: no | H70: no | I70: 4 | J70: 3.7 | K70: Y | L70: Y | M70: Y | O70: Claude
A71: NCT06739122 | B71: claude-sonnet-5 | C71: 4 | D71: exclusion | E71: Have Type 1 diabetes | F71: Do you have type 1 diabetes? | G71: yes | H71: no | I71: 6.6 | J71: 4.5 | K71: Y | L71: Y | M71: Y | O71: Claude
A72: NCT06739122 | B72: claude-sonnet-5 | C72: 5 | D72: exclusion | E72: Have received treatment with any glucose-lowering agent(s) other than metformin, basal insulin, or dulaglutide within 8 weeks prior to screening | F72: Have you taken any glucose-lowering medicine other than metformin, basal insulin, or dulaglutide within the last 8 weeks before screening? | G72: yes | H72: no | I72: 14 | J72: 14 | K72: Y | L72: Y | M72: Y | O72: Claude
A73: NCT06739122 | B73: claude-sonnet-5 | C73: 6 | D73: exclusion | E73: After the Type 2 diabetes diagnosis, have a history of diabetic ketoacidosis or hyperosmolar syndrome | F73: Since being diagnosed with type 2 diabetes, have you had an episode of diabetic ketoacidosis or hyperosmolar syndrome (serious high blood sugar emergencies)? | G73: yes | H73: no | I73: 17.8 | J73: 18 | K73: Y | L73: Y | M73: Y | O73: Claude
A74: NCT06739122 | B74: claude-sonnet-5 | C74: 7 | D74: exclusion | E74: Have had ≥1 episode of severe hypoglycemia and/or ≥1 episode of hypoglycemic unawareness within the last 6 months | F74: In the last 6 months, have you had a severe low blood sugar episode or times when you couldn't feel your blood sugar dropping? | G74: yes | H74: no | I74: 15 | J74: 9 | K74: Y | L74: Y | M74: Y | O74: Claude
A75: NCT06739122 | B75: claude-sonnet-5 | C75: 8 | D75: exclusion | E75: Have family or personal history of medullary thyroid carcinoma (MTC) or multiple endocrine neoplasia syndrome type 2 (MEN2) | F75: Do you or a family member have a history of medullary thyroid carcinoma (a type of thyroid cancer) or multiple endocrine neoplasia syndrome type 2 (MEN2)? | G75: yes | H75: no | I75: 14.4 | J75: 14.5 | K75: Y | L75: N | M75: Y | N75: confusing: "multiple endocrine neoplasia syndrome type 2 (MEN2)" is not explained | O75: Claude | P75: Y
A76: NCT06739122 | B76: claude-sonnet-5 | C76: 9 | D76: exclusion | E76: Have prior chronic, recurrent, or idiopathic pancreatitis, or known gallbladder disease | F76: Do you have a history of long-term or repeated pancreatitis (pancreas inflammation), or known gallbladder disease? | G76: yes | H76: no | I76: 15.5 | J76: 14.3 | K76: N | L76: Y | M76: Y | N76: missing requirement: leaves out "idiopathic" (unexplained) pancreatitis; minor | O76: Claude | P76: Y
A77: NCT07554443 | B77: claude-opus-5 | C77: 1 | D77: inclusion | E77: Be 60 years of age or older | F77: Are you 60 years of age or older? | G77: no | H77: no | I77: 0.6 | J77: 0.8 | K77: Y | L77: Y | M77: Y | O77: Claude
A78: NCT07554443 | B78: claude-opus-5 | C78: 2 | D78: inclusion | E78: Have a diagnosis of PN with plantar sensory loss | F78: Have you been diagnosed with peripheral neuropathy (nerve damage) with loss of feeling in the soles of your feet? | G78: no | H78: no | I78: 7.6 | J78: 9.8 | K78: Y | L78: Y | M78: Y | O78: Claude
A79: NCT07554443 | B79: claude-opus-5 | C79: 3 | D79: inclusion | E79: Be able to walk independently for at least 6 minutes without the use of an assistive device (rest breaks permitted) | F79: Can you walk on your own for at least 6 minutes without a cane, walker, or other walking aid? (Rest breaks are allowed.) | G79: no | H79: no | I79: 11.1 | J79: 3.8 | K79: Y | L79: Y | M79: Y | O79: Claude
A80: NCT07554443 | B80: claude-opus-5 | C80: 4 | D80: inclusion | E80: Demonstrate balance impairment, defined as a Single-Leg Stance time of <23 seconds | F80: Can you stand on one leg for less than 23 seconds? | G80: no | H80: no | I80: 9.7 | J80: 1.6 | K80: N | L80: N | M80: N | N80: confusing: almost anyone "can" stand on one leg for less than 23 seconds. Should be "Can you stand on one leg for 23 seconds or longer?" with Yes counting against | O80: Claude | P80: Y
A81: NCT07554443 | B81: claude-opus-5 | C81: 5 | D81: exclusion | E81: Self-reported acute thrombophlebitis, including deep vein thrombosis | F81: Do you have a blood clot in a vein or swollen, inflamed veins (such as deep vein thrombosis)? | G81: yes | H81: no | I81: 15.8 | J81: 5.9 | K81: Y | L81: Y | M81: Y | O81: Claude
A82: NCT07554443 | B82: claude-opus-5 | C82: 6 | D82: exclusion | E82: Self-reported severe peripheral vascular disease | F82: Do you have severe peripheral vascular disease (poor blood flow in your legs)? | G82: yes | H82: no | I82: 24.1 | J82: 7.6 | K82: Y | L82: Y | M82: Y | O82: Claude
A83: NCT07554443 | B83: claude-opus-5 | C83: 7 | D83: exclusion | E83: Untreated lesion of any kind, swelling, infection, inflamed area of skin or eruptions on the lower leg near product use | F83: Do you have a sore, swelling, infection, or rash on your lower leg that has not been treated? | G83: yes | H83: no | I83: 12.3 | J83: 6.5 | K83: Y | L83: Y | M83: Y | O83: Claude
A84: NCT07554443 | B84: claude-opus-5 | C84: 8 | D84: exclusion | E84: Other neurological or musculoskeletal conditions that moderately or severely impact walking | F84: Do you have another nerve or muscle/bone condition that makes walking moderately or severely harder? | G84: yes | H84: no | I84: 18.7 | J84: 12.3 | K84: Y | L84: Y | M84: Y | O84: Claude
A85: NCT07554443 | B85: claude-opus-5 | C85: 9 | D85: exclusion | E85: Use of ankle-foot orthosis for ambulation that prevents donning of Walkasins | F85: Do you wear an ankle-foot brace to walk? | G85: yes | H85: no | I85: 11.2 | J85: 2.3 | K85: N | L85: Y | M85: Y | N85: dropped qualifier: missing "that prevents wearing" the study device - any brace would rule you out | O85: Claude | P85: Y
A86: NCT07554443 | B86: claude-opus-5 | C86: 10 | D86: exclusion | E86: Weight of more than 300 pounds | F86: Do you weigh more than 300 pounds? | G86: yes | H86: no | I86: -1.4 | J86: -1.1 | K86: Y | L86: Y | M86: Y | O86: Claude
A87: NCT07554443 | B87: claude-sonnet-5 | C87: 1 | D87: inclusion | E87: Be 60 years of age or older | F87: Are you 60 years of age or older? | G87: no | H87: no | I87: 0.6 | J87: 0.8 | K87: Y | L87: Y | M87: Y | O87: Claude
A88: NCT07554443 | B88: claude-sonnet-5 | C88: 2 | D88: inclusion | E88: Have a diagnosis of PN with plantar sensory loss | F88: Have you been diagnosed with peripheral neuropathy (PN) with loss of feeling in the soles of your feet? | G88: no | H88: no | I88: 7.6 | J88: 9.1 | K88: Y | L88: Y | M88: Y | O88: Claude
A89: NCT07554443 | B89: claude-sonnet-5 | C89: 3 | D89: inclusion | E89: Be able to walk independently for at least 6 minutes without the use of an assistive device (rest breaks permitted) | F89: Can you walk on your own for at least 6 minutes without using a cane, walker, or other assistive device? | G89: no | H89: no | I89: 11.1 | J89: 8.7 | K89: Y | L89: Y | M89: Y | O89: Claude
A90: NCT07554443 | B90: claude-sonnet-5 | C90: 4 | D90: exclusion | E90: Self-reported acute thrombophlebitis, including deep vein thrombosis | F90: Have you ever had a blood clot in a vein, such as deep vein thrombosis or thrombophlebitis? | G90: yes | H90: no | I90: 15.8 | J90: 5.6 | K90: N | L90: Y | M90: Y | N90: dropped qualifier: original is "acute" (a current clot); "have you EVER had" rules out people with a clot years ago | O90: Claude | P90: Y
A91: NCT07554443 | B91: claude-sonnet-5 | C91: 5 | D91: exclusion | E91: Self-reported severe peripheral vascular disease | F91: Do you have severe peripheral vascular disease (poor blood flow in your legs)? | G91: yes | H91: no | I91: 24.1 | J91: 7.6 | K91: Y | L91: Y | M91: Y | O91: Claude
A92: NCT07554443 | B92: claude-sonnet-5 | C92: 6 | D92: exclusion | E92: Untreated lymphedema | F92: Do you have untreated lymphedema (swelling caused by fluid buildup)? | G92: yes | H92: no | I92: 20.6 | J92: 8.4 | K92: Y | L92: Y | M92: Y | O92: Claude
A93: NCT07554443 | B93: claude-sonnet-5 | C93: 7 | D93: exclusion | E93: Untreated lesion of any kind, swelling, infection, inflamed area of skin or eruptions on the lower leg near product use | F93: Do you have any untreated wound, swelling, infection, or skin problem on your lower leg near where the device would be worn? | G93: yes | H93: no | I93: 12.3 | J93: 9.6 | K93: Y | L93: Y | M93: Y | O93: Claude
A94: NCT07554443 | B94: claude-sonnet-5 | C94: 8 | D94: exclusion | E94: Self-reported, untreated fractures in the foot and ankle | F94: Do you have any untreated broken bones in your foot or ankle? | G94: yes | H94: no | I94: 11.1 | J94: 5.8 | K94: Y | L94: Y | M94: Y | O94: Claude
A95: NCT07554443 | B95: claude-sonnet-5 | C95: 9 | D95: exclusion | E95: Weight of more than 300 pounds | F95: Does your current weight exceed 300 pounds? | G95: yes | H95: no | I95: -1.4 | J95: 2.3 | K95: Y | L95: Y | M95: Y | O95: Claude
A96: NCT07527650 | B96: claude-opus-5 | C96: 1 | D96: inclusion | E96: United States: 18 to 75 years (inclusive) | F96: Are you between 18 and 75 years old? | G96: no | H96: no | I96: 5.7 | J96: 0.8 | K96: Y | L96: Y | M96: Y | O96: Claude
A97: NCT07527650 | B97: claude-opus-5 | C97: 2 | D97: inclusion | E97: Diagnosed with type 2 diabetes mellitus (T2DM) with HbA1c ≥7.0% and ≤10.0% at screening | F97: Has a doctor told you that you have type 2 diabetes, with an A1c (a blood test showing your average blood sugar over about 3 months) of 7.0% or higher and 10.0% or lower? | G97: no | H97: no | I97: 4.8 | J97: 4.8 | K97: Y | L97: Y | M97: Y | O97: Claude
A98: NCT07527650 | B98: claude-opus-5 | C98: 3 | D98: inclusion | E98: Treated with diet and exercise alone or on a stable dose of metformin (≥1000 mg/day) for at least 3 months prior to screening | F98: For the past 3 months or longer, have you managed your diabetes with diet and exercise alone, or with a steady dose of metformin of at least 1000 mg a day? | G98: no | H98: no | I98: 10.3 | J98: 12.5 | K98: Y | L98: Y | M98: Y | O98: Claude
A99: NCT07527650 | B99: claude-opus-5 | C99: 4 | D99: inclusion | E99: BMI ≥25 kg/m² and ≤50 kg/m² | F99: Is your BMI (body mass index, a number based on your height and weight) between 25 and 50 kg/m²? | G99: no | H99: no | I99: 2.5 | J99: 6.7 | K99: Y | L99: Y | M99: Y | O99: Claude
A100: NCT07527650 | B100: claude-opus-5 | C100: 5 | D100: inclusion | E100: Body weight change <5% over the past 3 months prior to screening | F100: Has your body weight stayed within 5% of the same over the past 3 months? | G100: no | H100: no | I100: 4.8 | J100: 4.4 | K100: Y | L100: N | M100: Y | N100: confusing wording: "stayed within 5% of the same" | O100: Claude | P100: Y
A101: NCT07527650 | B101: claude-opus-5 | C101: 6 | D101: exclusion | E101: Type 1 diabetes mellitus or use of glucose-lowering medications other than metformin within 3 months prior to screening | F101: Do you have type 1 diabetes, or have you used any diabetes medicine other than metformin in the past 3 months? | G101: yes | H101: no | I101: 13.7 | J101: 10.6 | K101: Y | L101: Y | M101: Y | O101: Claude
A102: NCT07527650 | B102: claude-opus-5 | C102: 7 | D102: exclusion | E102: History of diabetic ketoacidosis or severe hypoglycemia within 6 months | F102: In the past 6 months, have you had diabetic ketoacidosis (a serious problem from very high blood sugar) or severe low blood sugar? | G102: yes | H102: no | I102: 17.8 | J102: 11.8 | K102: Y | L102: Y | M102: Y | O102: Claude
A103: NCT07527650 | B103: claude-opus-5 | C103: 8 | D103: exclusion | E103: Clinically significant cardiovascular disease (e.g., NYHA class III/IV heart failure, recent myocardial infarction, stroke, or revascularization within 3 months) | F103: In the past 3 months, have you had a heart attack, a stroke, or a heart procedure to open blocked arteries, or do you have severe heart failure? | G103: yes | H103: no | I103: 17.3 | J103: 10.5 | K103: Y | L103: Y | M103: Y | O103: Claude
A104: NCT07527650 | B104: claude-opus-5 | C104: 9 | D104: exclusion | E104: History of pancreatitis or factors increasing the risk of pancreatitis | F104: Have you ever had pancreatitis (swelling of the pancreas)? | G104: yes | H104: no | I104: 13.1 | J104: 8.9 | K104: N | L104: Y | M104: Y | N104: missing requirement: leaves out "factors increasing the risk of pancreatitis" | O104: Claude | P104: Y
A105: NCT07527650 | B105: claude-opus-5 | C105: 10 | D105: exclusion | E105: Personal or family history of medullary thyroid carcinoma (MTC) or multiple endocrine neoplasia type 2 | F105: Have you or a family member ever had medullary thyroid cancer or multiple endocrine neoplasia type 2 (a rare inherited gland disorder)? | G105: yes | H105: no | I105: 14.6 | J105: 13.9 | K105: Y | L105: Y | M105: Y | O105: Claude
A106: NCT07527650 | B106: claude-opus-5 | C106: 11 | D106: exclusion | E106: Participation in another investigational study within 30 days or within 5 half-lives of the investigational product, whichever is longer; for GLP-1 receptor agonist-related or weight loss studies, participation within 3 months prior to screening | F106: Have you taken part in another research study of an investigational drug in the past 30 days, or in a GLP-1 or weight loss study in the past 3 months? | G106: yes | H106: no | I106: 22.3 | J106: 12.2 | K106: Y | L106: Y | M106: Y | O106: Claude
A107: NCT07527650 | B107: claude-sonnet-5 | C107: 1 | D107: inclusion | E107: United States: 18 to 75 years (inclusive) | F107: Are you between 18 and 75 years old? | G107: no | H107: no | I107: 5.7 | J107: 0.8 | K107: Y | L107: Y | M107: Y | O107: Claude
A108: NCT07527650 | B108: claude-sonnet-5 | C108: 2 | D108: inclusion | E108: Diagnosed with type 2 diabetes mellitus (T2DM) with HbA1c ≥7.0% and ≤10.0% at screening | F108: Do you have type 2 diabetes with an A1c (a blood test showing your average blood sugar over about 3 months) between 7.0% and 10.0% at your screening visit? | G108: no | H108: no | I108: 4.8 | J108: 4.9 | K108: Y | L108: Y | M108: Y | O108: Claude
A109: NCT07527650 | B109: claude-sonnet-5 | C109: 3 | D109: inclusion | E109: Treated with diet and exercise alone or on a stable dose of metformin (≥1000 mg/day) for at least 3 months prior to screening | F109: Have you been treated only with diet and exercise, or on a steady dose of metformin (at least 1000 mg per day) for at least 3 months before screening? | G109: no | H109: no | I109: 10.3 | J109: 11.2 | K109: Y | L109: Y | M109: Y | O109: Claude
A110: NCT07527650 | B110: claude-sonnet-5 | C110: 4 | D110: inclusion | E110: BMI ≥25 kg/m² and ≤50 kg/m² | F110: Is your body mass index (BMI) between 25 and 50 kg/m²? | G110: no | H110: no | I110: 2.5 | J110: 4.8 | K110: Y | L110: Y | M110: Y | O110: Claude
...

Sheet Summary
A1: Measure | B1: claude-opus-5 | C1: claude-sonnet-5
A2: Questions graded | B2: =COUNTIF(Grades!$B$2:$B$178,B$1) -> 100 | C2: =COUNTIF(Grades!$B$2:$B$178,C$1) -> 77
A3: Accurate = N | B3: =COUNTIFS(Grades!$B$2:$B$178,B$1,Grades!$K$2:$K$178,"N") -> 14 | C3: =COUNTIFS(Grades!$B$2:$B$178,C$1,Grades!$K$2:$K$178,"N") -> 5
A4: Easy to understand = N | B4: =COUNTIFS(Grades!$B$2:$B$178,B$1,Grades!$L$2:$L$178,"N") -> 4 | C4: =COUNTIFS(Grades!$B$2:$B$178,C$1,Grades!$L$2:$L$178,"N") -> 2
A5: Counts against = N | B5: =COUNTIFS(Grades!$B$2:$B$178,B$1,Grades!$M$2:$M$178,"N") -> 2 | C5: =COUNTIFS(Grades!$B$2:$B$178,C$1,Grades!$M$2:$M$178,"N") -> 0
A6: Questions with any N | B6: =SUMPRODUCT((Grades!$B$2:$B$178=B$1)*(((Grades!$K$2:$K$178="N")+(Grades!$L$2:$L$178="N")+(Grades!$M$2:$M$178="N"))>0)) -> 17 | C6: =SUMPRODUCT((Grades!$B$2:$B$178=C$1)*(((Grades!$K$2:$K$178="N")+(Grades!$L$2:$L$178="N")+(Grades!$M$2:$M$178="N"))>0)) -> 7
A7: % of questions fully correct | B7: =IFERROR(1-B6/B2,0) -> 0.83 | C7: =IFERROR(1-C6/C2,0) -> 0.90909091
A8: Dropped qualifier (count in notes) | B8: =COUNTIFS(Grades!$B$2:$B$178,B$1,Grades!$N$2:$N$178,"*dropped qualifier*") -> 7 | C8: =COUNTIFS(Grades!$B$2:$B$178,C$1,Grades!$N$2:$N$178,"*dropped qualifier*") -> 2
A9: Missing requirement (count in notes) | B9: =COUNTIFS(Grades!$B$2:$B$178,B$1,Grades!$N$2:$N$178,"*missing requirement*") -> 5 | C9: =COUNTIFS(Grades!$B$2:$B$178,C$1,Grades!$N$2:$N$178,"*missing requirement*") -> 2
A10: Confusing (count in notes) | B10: =COUNTIFS(Grades!$B$2:$B$178,B$1,Grades!$N$2:$N$178,"*confusing*") -> 4 | C10: =COUNTIFS(Grades!$B$2:$B$178,C$1,Grades!$N$2:$N$178,"*confusing*") -> 2
A11: Average reading grade: original | B11: =AVERAGEIF(Grades!$B$2:$B$178,B$1,Grades!$I$2:$I$178) -> 11.397 | C11: =AVERAGEIF(Grades!$B$2:$B$178,C$1,Grades!$I$2:$I$178) -> 10.727273
A12: Average reading grade: AI question | B12: =AVERAGEIF(Grades!$B$2:$B$178,B$1,Grades!$J$2:$J$178) -> 7.196 | C12: =AVERAGEIF(Grades!$B$2:$B$178,C$1,Grades!$J$2:$J$178) -> 7.4688312
A13: Rows you reviewed (agrees filled in) | B13: =COUNTIFS(Grades!$B$2:$B$178,B$1,Grades!$P$2:$P$178,"?*") -> 17 | C13: =COUNTIFS(Grades!$B$2:$B$178,C$1,Grades!$P$2:$P$178,"?*") -> 7
A14: Rows you disagreed with | B14: =COUNTIFS(Grades!$B$2:$B$178,B$1,Grades!$P$2:$P$178,"N") -> 0 | C14: =COUNTIFS(Grades!$B$2:$B$178,C$1,Grades!$P$2:$P$178,"N") -> 0
A16: Counts update automatically as you edit the Grades tab. Note counts search the notes text for the label.
